indicator,region,year,gender,primary value,absolute value
683,209,2015,total,9.7,87
683,20,2015,total,7.2,8914
683,37,2015,total,12.3,551
683,834,2015,total,9.9,37892
683,115,2015,total,9.5,211
683,84,2015,total,13.9,614
683,52,2015,total,10.4,650
683,318,2015,total,13.0,291
683,586,2015,total,10.7,1291
683,616,2015,total,10.4,20276
683,271,2015,total,7.6,373
683,288,2015,total,8.8,818
683,301,2015,total,17.7,362
683,5,2015,total,13.0,900
683,179,2015,total,10.1,489
683,224,2015,total,11.2,239
683,413,2015,total,9.4,9596
683,336,2015,total,9.9,629
683,568,2015,total,12.1,8426
683,978,2015,total,9.6,24631
683,274,2015,total,10.6,144
683,259,2015,total,11.7,672
683,539,2015,total,10.5,5383
683,351,2015,total,10.7,1201
683,837,2015,total,10.7,25722
683,55,2015,total,9.8,2437
683,554,2015,total,13.3,1274
683,492,2015,total,10.7,28096
683,19,2015,total,11.8,141
683,70,2015,total,11.8,334
683,427,2015,total,16.1,710
683,583,2015,total,12.8,1026
683,69,2015,total,11.4,161
683,504,2015,total,11.6,5260
683,191,2015,total,9.5,173
683,619,2015,total,10.9,7320
683,957,2015,total,9.9,7682
683,144,2015,total,12.6,231
683,495,2015,total,9.9,7682
683,728,2015,total,4.9,791
683,221,2015,total,9.4,469
683,572,2015,total,12.8,1607
683,448,2015,total,11.1,1790
683,242,2015,total,8.7,986
683,525,2015,total,10.6,5619
683,698,2015,total,13.1,2105
683,133,2015,total,8.4,1646
683,347,2015,total,11.5,3407
683,602,2015,total,10.3,13261
683,210,2015,total,5.2,13
683,238,2015,total,10.2,119
683,394,2015,total,12.2,316
683,368,2015,total,11.7,684
683,339,2015,total,9.8,3091
683,551,2015,total,10.3,7322
683,961,2015,total,9.1,4900
683,73,2015,total,10.8,1031
683,213,2015,total,8.9,294
683,397,2015,total,10.2,775
683,292,2015,total,10.2,4844
683,501,2015,total,8.5,7725
683,112,2015,total,13.5,1076
683,141,2015,total,11.4,543
683,23,2015,total,13.5,205
683,445,2015,total,8.6,585
683,421,2015,total,11.7,275
683,498,2015,total,11.9,11483
683,528,2015,total,13.9,1389
683,282,2015,total,11.0,1341
683,312,2015,total,11.9,1607
683,357,2015,total,10.5,608
683,136,2015,total,9.0,317
683,590,2015,total,10.7,3533
683,48,2015,total,11.9,189
683,562,2015,total,11.3,873
683,845,2015,total,8.9,97250
683,63,2015,total,11.9,753
683,620,2015,total,4.9,791
683,45,2015,total,14.0,362
683,183,2015,total,14.5,300
683,200,2015,total,9.1,316
683,231,2015,total,10.5,443
683,610,2015,total,11.9,11483
683,60,2015,total,11.0,1380
683,26,2015,total,5.1,18
683,91,2015,total,9.2,1881
683,12,2015,total,10.7,214
683,609,2015,total,10.9,6942
683,264,2015,total,14.1,316
683,547,2015,total,12.1,3357
683,842,2015,total,10.6,78304
683,139,2015,total,14.2,113
683,173,2015,total,9.7,272
683,375,2015,total,10.6,114
683,589,2015,total,10.9,3588
683,118,2015,total,13.2,747
683,101,2015,total,13.6,136
683,435,2015,total,3.6,10
683,848,2015,total,9.6,45617
683,285,2015,total,13.6,357
683,330,2015,total,12.2,389
683,66,2015,total,9.6,412
683,197,2015,total,12.5,1044
683,972,2015,total,11.9,11483
683,206,2015,total,10.7,504
683,29,2015,total,13.5,491
683,405,2015,total,12.5,267
683,658,2015,total,10.0,290378
683,613,2015,total,12.5,13583
683,30,2015,total,12.3,85
683,261,2015,total,9.3,8011
683,122,2015,total,9.8,1759
683,402,2015,total,9.3,165
683,87,2015,total,13.5,165
683,975,2015,total,9.5,11420
683,387,2015,total,11.3,165
683,797,2015,total,12.9,1952
683,354,2015,total,8.4,284
683,248,2015,total,10.5,1814
683,97,2015,total,9.4,1522
683,956,2015,total,4.9,791
683,252,2015,total,14.1,974
683,284,2015,total,8.4,905
683,541,2015,total,9.6,4809
683,408,2015,total,11.6,1395
683,699,2015,total,4.7,67
683,166,2015,total,10.7,71
683,423,2015,total,13.2,302
683,526,2015,total,9.7,2442
683,346,2015,total,11.8,90
683,558,2015,total,13.2,1617
683,603,2015,total,10.5,10339
683,74,2015,total,10.9,4140
683,794,2015,total,8.9,823
683,384,2015,total,13.8,436
683,564,2015,total,11.7,1565
683,974,2015,total,11.5,16426
683,370,2015,total,11.5,344
683,228,2015,total,10.1,3121
683,305,2015,total,13.9,486
683,24,2015,total,5.6,78
683,111,2015,total,10.1,94
683,369,2015,total,12.3,567
683,962,2015,total,11.6,5260
683,116,2015,total,14.9,241
683,161,2015,total,10.2,6121
683,36,2015,total,9.2,520
683,68,2015,total,8.7,283
683,178,2015,total,9.7,412
683,514,2015,total,9.3,2958
683,266,2015,total,15.0,353
683,587,2015,total,12.6,1987
683,311,2015,total,11.4,544
683,799,2015,total,8.8,2249
683,195,2015,total,13.9,888
683,615,2015,total,10.1,4126
683,403,2015,total,6.3,252
683,576,2015,total,7.8,1987
683,148,2015,total,9.1,118
683,272,2015,total,7.9,55
683,499,2015,total,10.8,15639
683,968,2015,total,10.9,11247
683,44,2015,total,10.4,1353
683,352,2015,total,11.9,243
683,258,2015,total,11.4,89
683,18,2015,total,14.1,144
683,340,2015,total,6.5,67
683,85,2015,total,10.1,6297
683,721,2015,total,12.5,2499
683,296,2015,total,10.5,542
683,234,2015,total,7.6,761
683,323,2015,total,9.5,1473
683,838,2015,total,10.9,11247
683,177,2015,total,9.1,5821
683,117,2015,total,11.5,1446
683,849,2015,total,10.7,40588
683,100,2015,total,12.4,989
683,376,2015,total,10.5,400
683,588,2015,total,11.1,3273
683,160,2015,total,5.4,12
683,316,2015,total,13.0,306
683,389,2015,total,9.5,8593
683,515,2015,total,10.4,1176
683,235,2015,total,9.5,465
683,973,2015,total,10.4,20462
683,967,2015,total,10.9,11119
683,196,2015,total,15.8,81
683,241,2015,total,10.7,586
683,575,2015,total,9.1,1016
683,154,2015,total,8.7,321
683,216,2015,total,8.5,272
683,260,2015,total,15.1,626
683,353,2015,total,7.4,766
683,732,2015,total,11.2,1052
683,614,2015,total,8.5,7404
683,334,2015,total,13.7,236
683,204,2015,total,11.7,1163
683,494,2015,total,10.9,11119
683,552,2015,total,12.6,674
683,521,2015,total,9.2,3611
683,142,2015,total,9.5,2264
683,295,2015,total,12.0,309
683,223,2015,total,13.9,79
683,253,2015,total,9.1,1908
683,452,2015,total,11.6,1334
683,358,2015,total,14.0,394
683,540,2015,total,11.2,5736
683,2,2015,total,11.7,673
683,49,2015,total,9.3,1260
683,844,2015,total,4.9,791
683,62,2015,total,12.4,551
683,92,2015,total,9.1,1581
683,850,2015,total,4.9,791
683,135,2015,total,12.8,945
683,328,2015,total,10.6,385
683,527,2015,total,11.1,2278
683,422,2015,total,10.4,206
683,184,2015,total,9.5,3739
683,290,2015,total,12.7,375
683,901,2015,total,8.9,97250
683,13,2015,total,5.5,18
683,488,2015,total,8.4,67029
683,594,2015,total,9.6,812
683,383,2015,total,12.4,436
683,793,2015,total,8.0,364
683,304,2015,total,13.6,251
683,608,2015,total,12.1,3357
683,265,2015,total,10.3,583
683,25,2015,total,12.2,1285
683,503,2015,total,10.4,20462
683,582,2015,total,12.3,2240
683,570,2015,total,13.4,1756
683,371,2015,total,9.9,444
683,451,2015,total,14.9,570
683,297,2015,total,8.6,101
683,607,2015,total,9.9,7682
683,342,2015,total,9.5,176
683,374,2015,total,10.3,263
683,78,2015,total,11.8,391
683,577,2015,total,11.2,968
683,905,2015,total,10.7,40909
683,327,2015,total,10.8,3282
683,93,2015,total,13.6,294
683,46,2015,total,7.7,22996
683,545,2015,total,10.4,4526
683,359,2015,total,11.0,687
683,404,2015,total,9.4,891
683,969,2015,total,8.1,18256
683,560,2015,total,10.2,8769
683,592,2015,total,13.2,1648
683,840,2015,total,8.4,67029
683,902,2015,total,9.5,46390
683,28,2015,total,12.6,501
683,121,2015,total,9.0,688
683,171,2015,total,12.9,116
683,595,2015,total,9.6,1009
683,43,2015,total,9.6,465
683,310,2015,total,13.4,560
683,798,2015,total,12.1,428
683,156,2015,total,11.0,669
683,233,2015,total,7.3,102
683,247,2015,total,12.3,633
683,283,2015,total,12.7,400
683,559,2015,total,13.2,2018
683,510,2015,total,8.4,60646
683,388,2015,total,9.7,1136
683,531,2015,total,10.0,19569
683,182,2015,total,13.6,808
683,846,2015,total,11.3,53386
683,64,2015,total,13.7,538
683,103,2015,total,13.2,121
683,970,2015,total,10.7,28096
683,150,2015,total,11.6,176
683,32,2015,total,12.3,94
683,611,2015,total,11.5,15965
683,11,2015,total,7.6,200
683,563,2015,total,10.9,1470
683,61,2015,total,8.1,356
683,843,2015,total,11.1,78335
683,153,2015,total,9.4,429
683,356,2015,total,12.7,171
683,280,2015,total,11.8,265
683,174,2015,total,14.3,218
683,795,2015,total,14.5,1012
683,385,2015,total,12.6,232
683,201,2015,total,10.9,731
683,306,2015,total,12.8,107
683,239,2015,total,9.3,996
683,727,2015,total,10.0,288859
683,82,2015,total,13.3,481
683,192,2015,total,4.0,41
683,99,2015,total,10.5,406
683,556,2015,total,11.3,7848
683,348,2015,total,11.0,253
683,35,2015,total,11.9,388
683,303,2015,total,10.5,335
683,363,2015,total,6.9,43
683,601,2015,total,9.7,24934
683,273,2015,total,10.0,263
683,164,2015,total,13.0,1709
683,618,2015,total,10.9,3927
683,382,2015,total,10.9,214
683,338,2015,total,16.3,447
683,444,2015,total,13.3,394
683,291,2015,total,12.3,174
683,489,2015,total,9.6,24631
683,57,2015,total,8.8,530
683,960,2015,total,7.7,22996
683,581,2015,total,11.2,1560
683,490,2015,total,10.3,13261
683,113,2015,total,12.2,1197
683,502,2015,total,10.2,3619
683,127,2015,total,14.3,191
683,430,2015,total,13.9,258
683,839,2015,total,4.9,791
683,854,2015,total,8.5,319
683,38,2015,total,11.7,253
683,604,2015,total,10.7,29263
683,21,2015,total,8.6,615
683,833,2015,total,9.0,107589
683,574,2015,total,8.7,4722
683,317,2015,total,9.3,2081
683,516,2015,total,8.6,1187
683,212,2015,total,6.9,136
683,966,2015,total,9.5,9522
683,257,2015,total,10.2,956
683,300,2015,total,14.9,303
683,321,2015,total,11.7,186
683,414,2015,total,12.4,1667
683,520,2015,total,11.5,2331
683,399,2015,total,15.3,272
683,167,2015,total,10.8,1028
683,75,2015,total,10.1,323
683,143,2015,total,10.7,252
683,294,2015,total,9.4,2538
683,553,2015,total,13.0,3016
683,836,2015,total,10.7,68662
683,54,2015,total,15.2,272
683,110,2015,total,11.7,191
683,519,2015,total,9.9,1870
683,963,2015,total,10.5,10339
683,493,2015,total,9.5,11420
683,269,2015,total,15.3,647
683,314,2015,total,11.8,301
683,237,2015,total,10.0,464
683,119,2015,total,10.5,494
683,361,2015,total,12.9,255
683,65,2015,total,10.4,1805
683,175,2015,total,3.4,6
683,220,2015,total,12.0,145
683,496,2015,total,11.2,9838
683,393,2015,total,10.3,2070
683,33,2015,total,10.4,1343
683,500,2015,total,12.5,13583
683,449,2015,total,8.6,127
683,971,2015,total,8.5,7725
683,378,2015,total,9.9,10417
683,847,2015,total,11.1,52018
683,181,2015,total,10.4,181
683,102,2015,total,12.8,387
683,612,2015,total,10.8,14169
683,550,2015,total,12.3,4140
683,59,2015,total,10.0,479
683,152,2015,total,10.5,5383
683,88,2015,total,10.9,1470
683,243,2015,total,12.2,403
683,293,2015,total,9.0,230
683,417,2015,total,12.6,182
683,320,2015,total,10.9,281
683,432,2015,total,11.4,540
683,959,2015,total,11.2,9838
683,523,2015,total,10.5,8179
683,9,2015,total,9.1,489
683,549,2015,total,11.8,1955
683,202,2015,total,10.6,2821
683,355,2015,total,9.8,527
683,535,2015,total,13.1,2255
683,4,2015,total,10.5,151
683,208,2015,total,12.6,72
683,420,2015,total,15.4,243
683,53,2015,total,9.8,143
683,373,2015,total,9.9,284
683,343,2015,total,12.6,319
683,606,2015,total,10.9,11119
683,835,2015,total,11.5,37747
683,302,2015,total,13.2,224
683,255,2015,total,8.8,493
683,77,2015,total,14.2,461
683,94,2015,total,10.7,2128
683,15,2015,total,5.9,34
683,596,2015,total,4.8,304
683,505,2015,total,10.9,11247
683,186,2015,total,13.0,1026
683,381,2015,total,14.8,173
683,198,2015,total,9.1,911
683,27,2015,total,5.5,16
683,965,2015,total,10.8,15639
683,903,2015,total,11.0,53185
683,517,2015,total,9.9,3699
683,584,2015,total,12.9,2024
683,491,2015,total,10.5,10339
683,579,2015,total,9.4,9946
683,107,2015,total,12.2,636
683,39,2015,total,9.0,482
683,400,2015,total,8.8,70
683,157,2015,total,11.0,192
683,263,2015,total,14.0,610
683,567,2015,total,13.0,1794
683,977,2015,total,9.5,11355
683,406,2015,total,8.9,2840
683,605,2015,total,9.5,11640
683,543,2015,total,10.5,2873
683,344,2015,total,11.9,2657
683,22,2015,total,8.9,471
683,132,2015,total,9.7,106
683,145,2015,total,8.6,611
683,524,2015,total,12.3,1471
683,530,2015,total,11.3,2778
683,226,2015,total,12.7,184
683,95,2015,total,9.9,681
683,331,2015,total,8.0,257
683,151,2015,total,11.4,3592
683,207,2015,total,10.5,995
683,398,2015,total,10.3,331
683,307,2015,total,9.3,123
683,506,2015,total,4.9,791
683,597,2015,total,5.1,420
683,76,2015,total,3.9,88
683,964,2015,total,10.2,3619
683,578,2015,total,9.8,2651
683,425,2015,total,9.2,1383
683,585,2015,total,10.7,2375
683,319,2015,total,11.0,140
683,796,2015,total,8.7,1446
683,187,2015,total,10.8,1024
683,250,2015,total,9.5,235
683,976,2015,total,10.3,13261
683,518,2015,total,9.4,15544
683,108,2015,total,11.9,332
683,497,2015,total,11.5,16426
683,268,2015,total,10.5,402
683,313,2015,total,9.4,1289
683,114,2015,total,6.3,323
683,163,2015,total,12.3,286
683,34,2015,total,4.7,40
683,349,2015,total,11.7,126
683,83,2015,total,13.6,164
683,193,2015,total,9.3,979
683,561,2015,total,11.9,463
683,591,2015,total,11.7,657
683,392,2015,total,12.5,240
683,904,2015,total,11.3,51916
683,617,2015,total,11.6,5260
683,536,2015,total,9.5,11420
683,350,2015,total,13.7,382
683,138,2015,total,11.7,615
683,58,2015,total,10.8,4106
683,219,2015,total,4.8,304
683,629,2015,total,8.4,66809
683,325,2015,total,10.6,105
683,958,2015,total,12.5,13583
683,126,2015,total,11.4,750
683,232,2015,total,10.8,123
683,841,2015,total,10.0,65191
683,431,2015,total,12.9,282
683,967,2016,total,11.3,11571
683,357,2016,total,11.4,657
683,263,2016,total,14.7,639
683,796,2016,total,9.0,1503
683,841,2016,total,10.3,67456
683,295,2016,total,12.5,319
683,340,2016,total,6.8,70
683,498,2016,total,12.3,11859
683,44,2016,total,10.8,1387
683,543,2016,total,10.6,2887
683,76,2016,total,3.9,90
683,248,2016,total,10.6,1866
683,12,2016,total,11.3,228
683,91,2016,total,9.6,2007
683,590,2016,total,11.1,3671
683,325,2016,total,10.6,103
683,389,2016,total,9.7,8805
683,402,2016,total,10.1,182
683,903,2016,total,11.3,54912
683,26,2016,total,5.1,18
683,732,2016,total,11.9,1128
683,183,2016,total,14.7,305
683,29,2016,total,14.1,510
683,139,2016,total,14.4,113
683,307,2016,total,9.7,125
683,216,2016,total,8.7,280
683,620,2016,total,5.0,810
683,605,2016,total,9.7,11976
683,260,2016,total,15.0,622
683,528,2016,total,14.3,1434
683,231,2016,total,10.8,460
683,514,2016,total,9.6,3113
683,154,2016,total,9.3,339
683,578,2016,total,10.0,2707
683,62,2016,total,13.0,580
683,540,2016,total,11.5,5887
683,328,2016,total,11.0,398
683,405,2016,total,12.9,272
683,431,2016,total,13.5,292
683,202,2016,total,11.2,3010
683,354,2016,total,8.6,292
683,589,2016,total,11.5,3797
683,658,2016,total,10.3,302148
683,375,2016,total,10.7,115
683,452,2016,total,11.5,1324
683,101,2016,total,14.2,138
683,219,2016,total,4.8,302
683,30,2016,total,12.8,89
683,844,2016,total,5.0,810
683,58,2016,total,11.1,4235
683,87,2016,total,14.4,173
683,304,2016,total,14.3,265
683,608,2016,total,12.4,3414
683,378,2016,total,10.2,10827
683,561,2016,total,12.1,472
683,151,2016,total,11.7,3680
683,971,2016,total,8.8,8032
683,383,2016,total,12.5,432
683,122,2016,total,10.3,1871
683,793,2016,total,8.6,388
683,143,2016,total,11.1,261
683,586,2016,total,11.2,1352
683,492,2016,total,11.0,29096
683,65,2016,total,10.5,1807
683,175,2016,total,3.5,6
683,847,2016,total,11.3,53720
683,314,2016,total,12.4,313
683,284,2016,total,8.6,930
683,567,2016,total,13.2,1815
683,612,2016,total,11.1,14647
683,269,2016,total,15.5,654
683,115,2016,total,9.5,212
683,721,2016,total,13.2,2594
683,539,2016,total,11.1,5684
683,974,2016,total,11.9,17028
683,197,2016,total,13.5,1103
683,259,2016,total,12.2,697
683,549,2016,total,12.2,1987
683,959,2016,total,11.6,10125
683,504,2016,total,12.0,5392
683,423,2016,total,13.1,294
683,133,2016,total,8.6,1710
683,413,2016,total,9.8,10174
683,5,2016,total,13.1,908
683,224,2016,total,12.2,261
683,118,2016,total,14.1,787
683,550,2016,total,12.7,4233
683,833,2016,total,9.4,112983
683,84,2016,total,14.1,616
683,564,2016,total,11.8,1570
683,20,2016,total,7.6,9637
683,317,2016,total,9.6,2149
683,351,2016,total,11.0,1249
683,525,2016,total,10.9,5802
683,799,2016,total,9.2,2348
683,266,2016,total,15.7,364
683,311,2016,total,11.4,546
683,112,2016,total,13.8,1107
683,157,2016,total,11.2,192
683,583,2016,total,13.5,1071
683,238,2016,total,10.5,124
683,208,2016,total,12.7,72
683,178,2016,total,10.0,431
683,161,2016,total,10.7,6425
683,191,2016,total,9.6,176
683,221,2016,total,9.5,485
683,495,2016,total,10.2,7916
683,615,2016,total,10.3,4242
683,420,2016,total,16.2,252
683,242,2016,total,9.0,1035
683,136,2016,total,9.2,327
683,393,2016,total,10.7,2193
683,23,2016,total,12.9,195
683,977,2016,total,9.9,12045
683,68,2016,total,9.1,302
683,956,2016,total,5.0,810
683,368,2016,total,12.0,694
683,347,2016,total,11.6,3474
683,501,2016,total,8.8,8032
683,235,2016,total,9.8,493
683,494,2016,total,11.3,11571
683,556,2016,total,11.7,8105
683,601,2016,total,9.9,25751
683,48,2016,total,12.4,199
683,141,2016,total,11.7,555
683,618,2016,total,11.3,4066
683,117,2016,total,12.0,1503
683,376,2016,total,11.1,423
683,421,2016,total,11.6,275
683,338,2016,total,16.3,441
683,282,2016,total,11.4,1371
683,588,2016,total,11.5,3394
683,100,2016,total,13.1,1043
683,562,2016,total,11.7,891
683,135,2016,total,13.4,981
683,164,2016,total,13.5,1762
683,854,2016,total,8.8,328
683,972,2016,total,12.3,11859
683,241,2016,total,11.0,601
683,394,2016,total,12.3,321
683,444,2016,total,13.4,395
683,382,2016,total,11.4,220
683,353,2016,total,7.7,818
683,960,2016,total,8.0,24212
683,303,2016,total,10.7,343
683,19,2016,total,12.1,146
683,371,2016,total,10.8,481
683,358,2016,total,14.5,407
683,294,2016,total,9.7,2660
683,797,2016,total,13.3,2014
683,264,2016,total,13.9,307
683,247,2016,total,13.0,675
683,527,2016,total,11.8,2415
683,574,2016,total,9.0,4933
683,253,2016,total,9.5,2034
683,568,2016,total,12.3,8605
683,223,2016,total,14.5,81
683,613,2016,total,12.7,13846
683,2,2016,total,12.3,714
683,13,2016,total,5.8,19
683,966,2016,total,10.0,10107
683,92,2016,total,9.3,1638
683,25,2016,total,12.7,1347
683,503,2016,total,10.8,21344
683,54,2016,total,15.7,280
683,196,2016,total,16.4,83
683,399,2016,total,15.0,265
683,37,2016,total,12.7,568
683,184,2016,total,9.9,3930
683,582,2016,total,12.9,2355
683,848,2016,total,9.9,47287
683,488,2016,total,8.8,70968
683,515,2016,total,10.8,1217
683,594,2016,total,10.0,848
683,321,2016,total,12.9,204
683,836,2016,total,11.0,70822
683,66,2016,total,9.9,425
683,327,2016,total,11.4,3480
683,265,2016,total,10.6,609
683,370,2016,total,11.9,347
683,526,2016,total,10.1,2561
683,310,2016,total,14.1,589
683,78,2016,total,12.1,400
683,445,2016,total,8.9,617
683,111,2016,total,11.3,105
683,451,2016,total,14.9,564
683,901,2016,total,9.2,102205
683,978,2016,total,9.9,25441
683,61,2016,total,8.6,374
683,252,2016,total,14.6,996
683,798,2016,total,12.9,451
683,843,2016,total,11.5,81168
683,228,2016,total,10.6,3276
683,427,2016,total,17.0,741
683,837,2016,total,11.0,26736
683,288,2016,total,9.0,848
683,24,2016,total,6.1,87
683,698,2016,total,13.3,2124
683,55,2016,total,10.2,2561
683,210,2016,total,5.2,13
683,346,2016,total,11.9,89
683,499,2016,total,11.1,16149
683,545,2016,total,10.8,4724
683,209,2016,total,10.0,89
683,171,2016,total,13.3,117
683,36,2016,total,9.7,543
683,607,2016,total,10.2,7916
683,408,2016,total,11.8,1436
683,388,2016,total,10.0,1186
683,403,2016,total,6.3,255
683,234,2016,total,7.9,796
683,602,2016,total,10.7,13814
683,619,2016,total,11.5,7655
683,116,2016,total,15.7,252
683,521,2016,total,9.5,3754
683,283,2016,total,13.4,420
683,73,2016,total,11.2,1073
683,339,2016,total,10.0,3184
683,43,2016,total,10.1,491
683,587,2016,total,12.8,1998
683,204,2016,total,11.8,1167
683,258,2016,total,11.1,87
683,563,2016,total,11.1,1502
683,271,2016,total,7.8,383
683,973,2016,total,10.8,21344
683,85,2016,total,10.3,6554
683,575,2016,total,9.4,1049
683,352,2016,total,12.2,248
683,551,2016,total,10.8,7674
683,961,2016,total,9.5,5148
683,153,2016,total,9.7,441
683,18,2016,total,15.5,155
683,97,2016,total,9.7,1607
683,113,2016,total,12.6,1229
683,207,2016,total,10.8,1027
683,160,2016,total,5.1,11
683,584,2016,total,13.4,2116
683,239,2016,total,9.9,1073
683,552,2016,total,13.3,699
683,192,2016,total,4.1,43
683,177,2016,total,9.3,6010
683,614,2016,total,8.8,7693
683,145,2016,total,9.0,650
683,334,2016,total,14.4,246
683,272,2016,total,8.7,60
683,502,2016,total,10.3,3699
683,319,2016,total,11.3,143
683,195,2016,total,13.9,887
683,257,2016,total,10.5,991
683,850,2016,total,5.0,810
683,976,2016,total,10.7,13814
683,363,2016,total,7.5,47
683,38,2016,total,12.5,268
683,82,2016,total,13.9,494
683,581,2016,total,11.7,1613
683,849,2016,total,11.0,42156
683,398,2016,total,11.0,352
683,53,2016,total,10.4,151
683,489,2016,total,9.9,25441
683,348,2016,total,10.8,250
683,835,2016,total,11.9,39012
683,425,2016,total,9.6,1456
683,490,2016,total,10.7,13814
683,617,2016,total,12.0,5392
683,49,2016,total,9.4,1284
683,570,2016,total,13.6,1766
683,110,2016,total,12.4,198
683,142,2016,total,9.6,2321
683,493,2016,total,9.7,11750
683,369,2016,total,13.3,613
683,414,2016,total,12.8,1727
683,163,2016,total,12.7,294
683,313,2016,total,10.1,1378
683,392,2016,total,13.4,253
683,268,2016,total,10.4,387
683,523,2016,total,11.0,8514
683,519,2016,total,10.3,1932
683,422,2016,total,11.0,215
683,21,2016,total,9.0,637
683,520,2016,total,11.7,2359
683,290,2016,total,13.0,382
683,316,2016,total,13.4,317
683,99,2016,total,10.8,418
683,958,2016,total,12.7,13846
683,699,2016,total,4.6,66
683,449,2016,total,9.6,142
683,342,2016,total,10.3,191
683,404,2016,total,9.7,927
683,359,2016,total,11.3,707
683,387,2016,total,12.3,180
683,93,2016,total,14.3,303
683,432,2016,total,11.7,545
683,603,2016,total,10.9,10778
683,233,2016,total,8.1,114
683,905,2016,total,11.0,42495
683,323,2016,total,9.9,1544
683,558,2016,total,13.6,1655
683,74,2016,total,11.2,4275
683,541,2016,total,10.0,5029
683,59,2016,total,10.9,528
683,965,2016,total,11.1,16149
683,374,2016,total,10.9,280
683,166,2016,total,11.2,75
683,121,2016,total,9.1,718
683,305,2016,total,14.2,494
683,152,2016,total,11.1,5684
683,531,2016,total,10.3,20298
683,576,2016,total,8.1,2050
683,962,2016,total,12.0,5392
683,384,2016,total,13.7,428
683,794,2016,total,9.1,850
683,320,2016,total,11.6,295
683,516,2016,total,8.9,1238
683,293,2016,total,9.1,239
683,595,2016,total,10.0,1039
683,296,2016,total,10.7,548
683,356,2016,total,13.0,173
683,77,2016,total,14.5,468
683,32,2016,total,13.0,99
683,968,2016,total,11.4,11721
683,902,2016,total,9.8,48068
683,842,2016,total,10.9,80937
683,127,2016,total,15.2,200
683,60,2016,total,11.2,1400
683,510,2016,total,8.7,64290
683,838,2016,total,11.4,11721
683,579,2016,total,9.6,10393
683,11,2016,total,8.6,227
683,302,2016,total,13.7,230
683,103,2016,total,12.6,114
683,182,2016,total,13.8,816
683,148,2016,total,9.2,118
683,592,2016,total,13.8,1696
683,381,2016,total,15.6,182
683,35,2016,total,11.8,383
683,606,2016,total,11.3,11571
683,845,2016,total,9.2,102205
683,63,2016,total,12.2,775
683,173,2016,total,9.9,279
683,385,2016,total,12.7,232
683,430,2016,total,14.8,273
683,126,2016,total,11.8,767
683,406,2016,total,9.2,2980
683,95,2016,total,10.4,721
683,250,2016,total,9.7,241
683,963,2016,total,10.9,10778
683,39,2016,total,9.2,494
683,132,2016,total,10.3,109
683,344,2016,total,12.1,2684
683,312,2016,total,12.5,1690
683,524,2016,total,13.1,1546
683,150,2016,total,12.1,185
683,518,2016,total,9.6,16071
683,57,2016,total,9.1,550
683,212,2016,total,7.1,143
683,839,2016,total,5.0,810
683,108,2016,total,12.9,359
683,609,2016,total,11.4,7179
683,597,2016,total,5.3,442
683,291,2016,total,13.2,186
683,559,2016,total,14.0,2099
683,727,2016,total,10.3,300529
683,22,2016,total,9.1,487
683,200,2016,total,9.4,337
683,610,2016,total,12.3,11859
683,226,2016,total,13.2,191
683,547,2016,total,12.4,3414
683,957,2016,total,10.2,7916
683,206,2016,total,11.1,526
683,34,2016,total,5.2,44
683,435,2016,total,3.6,10
683,585,2016,total,10.9,2444
683,187,2016,total,11.0,1053
683,232,2016,total,11.0,124
683,553,2016,total,13.3,3082
683,75,2016,total,11.0,352
683,506,2016,total,5.0,810
683,536,2016,total,9.7,11750
683,285,2016,total,14.3,375
683,497,2016,total,11.9,17028
683,330,2016,total,12.4,391
683,45,2016,total,14.4,366
683,904,2016,total,11.7,53659
683,114,2016,total,6.2,321
683,193,2016,total,9.4,1012
683,167,2016,total,11.3,1072
683,273,2016,total,10.5,275
683,577,2016,total,11.5,992
683,975,2016,total,9.7,11750
683,138,2016,total,12.4,644
683,28,2016,total,13.1,519
683,350,2016,total,14.3,400
683,179,2016,total,10.6,512
683,300,2016,total,15.5,310
683,604,2016,total,10.9,30288
683,83,2016,total,13.9,170
683,349,2016,total,12.5,132
683,261,2016,total,9.5,8379
683,33,2016,total,10.7,1381
683,280,2016,total,12.3,275
683,220,2016,total,12.2,146
683,554,2016,total,14.1,1340
683,297,2016,total,8.7,102
683,237,2016,total,10.5,491
683,616,2016,total,10.8,21140
683,355,2016,total,10.2,542
683,400,2016,total,9.1,72
683,969,2016,total,8.5,19456
683,156,2016,total,11.1,669
683,46,2016,total,8.0,24212
683,201,2016,total,11.1,748
683,102,2016,total,12.7,386
683,361,2016,total,13.6,262
683,417,2016,total,12.3,178
683,27,2016,total,4.9,14
683,629,2016,total,8.8,70742
683,496,2016,total,11.6,10125
683,9,2016,total,9.3,503
683,70,2016,total,11.9,336
683,181,2016,total,10.8,190
683,591,2016,total,12.1,670
683,88,2016,total,11.1,1502
683,243,2016,total,12.7,417
683,274,2016,total,11.1,151
683,500,2016,total,12.7,13846
683,336,2016,total,10.3,642
683,301,2016,total,17.5,355
683,560,2016,total,10.5,9120
683,69,2016,total,11.6,162
683,255,2016,total,8.9,503
683,535,2016,total,13.5,2324
683,840,2016,total,8.8,70968
683,94,2016,total,11.1,2220
683,174,2016,total,14.6,224
683,64,2016,total,14.3,551
683,144,2016,total,13.5,246
683,373,2016,total,9.8,286
683,846,2016,total,11.7,55161
683,15,2016,total,5.9,34
683,970,2016,total,11.0,29096
683,4,2016,total,10.8,153
683,964,2016,total,10.3,3699
683,448,2016,total,11.2,1835
683,572,2016,total,13.2,1660
683,343,2016,total,13.0,323
683,107,2016,total,12.9,682
683,198,2016,total,9.1,931
683,517,2016,total,10.2,3841
683,306,2016,total,13.1,110
683,331,2016,total,8.2,267
683,530,2016,total,11.8,2916
683,505,2016,total,11.4,11721
683,611,2016,total,11.9,16560
683,795,2016,total,14.7,1018
683,186,2016,total,13.0,1029
683,596,2016,total,4.8,302
683,834,2016,total,10.2,39255
683,491,2016,total,10.9,10778
683,318,2016,total,13.3,293
683,119,2016,total,11.0,514
683,213,2016,total,9.6,314
683,292,2016,total,10.5,5027
683,728,2016,total,5.0,810
683,52,2016,total,10.9,678
683,397,2016,total,10.8,822
683,582,2017,total,13.1,2405
683,18,2017,total,16.6,164
683,721,2017,total,13.6,2663
683,550,2017,total,12.9,4267
683,629,2017,total,9.1,74111
683,143,2017,total,10.9,256
683,503,2017,total,11.1,22187
683,175,2017,total,4.8,8
683,220,2017,total,12.6,151
683,535,2017,total,13.7,2350
683,959,2017,total,11.9,10393
683,612,2017,total,11.4,15045
683,111,2017,total,11.7,107
683,567,2017,total,13.5,1843
683,193,2017,total,9.5,1039
683,408,2017,total,12.4,1513
683,255,2017,total,9.3,520
683,317,2017,total,9.6,2168
683,361,2017,total,14.1,265
683,423,2017,total,13.2,295
683,178,2017,total,10.1,439
683,500,2017,total,12.9,14026
683,36,2017,total,10.0,560
683,284,2017,total,8.6,934
683,114,2017,total,6.2,327
683,974,2017,total,12.3,17551
683,65,2017,total,10.8,1852
683,269,2017,total,15.8,663
683,833,2017,total,9.6,117569
683,847,2017,total,11.6,55173
683,346,2017,total,11.5,84
683,521,2017,total,9.7,3838
683,15,2017,total,6.2,36
683,444,2017,total,14.1,407
683,615,2017,total,10.5,4295
683,596,2017,total,4.9,315
683,491,2017,total,11.3,11187
683,799,2017,total,9.5,2424
683,960,2017,total,8.2,25103
683,266,2017,total,15.9,368
683,549,2017,total,12.5,2024
683,311,2017,total,11.6,551
683,517,2017,total,10.5,3951
683,234,2017,total,8.2,834
683,157,2017,total,11.0,186
683,977,2017,total,10.2,12653
683,132,2017,total,10.9,115
683,956,2017,total,5.2,849
683,4,2017,total,10.6,150
683,161,2017,total,11.2,6751
683,68,2017,total,9.1,300
683,97,2017,total,9.7,1639
683,420,2017,total,17.2,263
683,258,2017,total,11.8,94
683,343,2017,total,13.3,327
683,618,2017,total,11.4,4104
683,237,2017,total,10.8,505
683,208,2017,total,12.1,67
683,314,2017,total,12.3,303
683,393,2017,total,11.1,2317
683,841,2017,total,10.5,69339
683,76,2017,total,4.0,95
683,263,2017,total,15.1,648
683,325,2017,total,10.9,104
683,353,2017,total,8.1,886
683,44,2017,total,10.8,1386
683,154,2017,total,9.4,340
683,524,2017,total,13.6,1594
683,494,2017,total,11.6,11859
683,732,2017,total,12.3,1174
683,25,2017,total,13.2,1393
683,608,2017,total,12.7,3476
683,295,2017,total,13.1,325
683,216,2017,total,8.8,285
683,796,2017,total,9.4,1564
683,22,2017,total,9.4,515
683,605,2017,total,9.9,12213
683,543,2017,total,10.9,2938
683,226,2017,total,13.9,199
683,452,2017,total,11.8,1356
683,100,2017,total,13.5,1072
683,497,2017,total,12.3,17551
683,578,2017,total,10.1,2763
683,389,2017,total,9.9,9055
683,510,2017,total,9.0,67415
683,588,2017,total,11.7,3430
683,967,2017,total,11.6,11859
683,135,2017,total,14.0,1023
683,241,2017,total,11.5,624
683,506,2017,total,5.2,849
683,260,2017,total,15.2,629
683,564,2017,total,12.1,1609
683,219,2017,total,4.9,315
683,844,2017,total,5.2,849
683,58,2017,total,11.3,4325
683,793,2017,total,9.0,405
683,540,2017,total,11.6,5939
683,585,2017,total,11.3,2543
683,138,2017,total,12.5,649
683,307,2017,total,10.0,130
683,202,2017,total,11.6,3135
683,371,2017,total,11.4,501
683,247,2017,total,13.8,711
683,431,2017,total,13.6,295
683,83,2017,total,14.4,172
683,223,2017,total,14.0,78
683,374,2017,total,11.4,289
683,349,2017,total,12.8,133
683,151,2017,total,11.8,3707
683,328,2017,total,11.2,406
683,28,2017,total,13.4,534
683,350,2017,total,14.5,408
683,62,2017,total,13.5,598
683,527,2017,total,12.3,2524
683,196,2017,total,16.4,82
683,117,2017,total,12.1,1510
683,561,2017,total,12.3,471
683,971,2017,total,8.9,8200
683,978,2017,total,10.1,26112
683,351,2017,total,11.6,1315
683,798,2017,total,13.8,472
683,961,2017,total,9.9,5389
683,843,2017,total,11.8,83437
683,61,2017,total,9.4,408
683,171,2017,total,13.1,115
683,383,2017,total,12.6,428
683,586,2017,total,11.5,1377
683,304,2017,total,14.3,267
683,265,2017,total,10.6,614
683,837,2017,total,11.3,27618
683,413,2017,total,10.1,10699
683,492,2017,total,11.2,29960
683,310,2017,total,14.0,585
683,368,2017,total,12.2,702
683,233,2017,total,8.5,119
683,55,2017,total,10.6,2686
683,445,2017,total,9.6,673
683,133,2017,total,8.8,1778
683,545,2017,total,11.2,4893
683,607,2017,total,10.6,8199
683,698,2017,total,13.3,2109
683,209,2017,total,10.5,95
683,84,2017,total,14.3,616
683,327,2017,total,11.5,3533
683,619,2017,total,11.7,7814
683,288,2017,total,9.0,868
683,531,2017,total,10.5,20990
683,121,2017,total,9.5,763
683,905,2017,total,11.3,43628
683,5,2017,total,13.1,899
683,210,2017,total,5.5,14
683,127,2017,total,15.7,203
683,339,2017,total,10.3,3282
683,551,2017,total,11.2,8066
683,204,2017,total,12.0,1187
683,43,2017,total,10.6,520
683,153,2017,total,10.2,460
683,427,2017,total,17.7,761
683,388,2017,total,10.1,1193
683,11,2017,total,9.1,242
683,356,2017,total,12.9,168
683,73,2017,total,11.7,1129
683,23,2017,total,12.8,190
683,498,2017,total,12.7,12205
683,177,2017,total,9.4,6157
683,283,2017,total,13.9,432
683,973,2017,total,11.1,22187
683,35,2017,total,12.3,393
683,221,2017,total,9.6,494
683,501,2017,total,8.9,8200
683,563,2017,total,11.2,1514
683,525,2017,total,11.2,5968
683,115,2017,total,9.6,216
683,602,2017,total,10.9,14061
683,271,2017,total,7.9,391
683,592,2017,total,14.3,1723
683,103,2017,total,13.3,118
683,575,2017,total,9.9,1087
683,182,2017,total,14.1,830
683,520,2017,total,11.9,2399
683,141,2017,total,11.9,565
683,321,2017,total,13.0,203
683,91,2017,total,9.9,2129
683,122,2017,total,10.7,1954
683,357,2017,total,11.7,669
683,12,2017,total,11.4,235
683,402,2017,total,10.7,197
683,854,2017,total,8.8,328
683,85,2017,total,10.5,6746
683,282,2017,total,11.9,1408
683,139,2017,total,15.2,117
683,338,2017,total,16.5,436
683,340,2017,total,6.7,70
683,514,2017,total,10.0,3250
683,620,2017,total,5.2,849
683,421,2017,total,11.8,286
683,164,2017,total,13.8,1784
683,574,2017,total,9.1,5035
683,303,2017,total,10.7,343
683,375,2017,total,11.5,124
683,601,2017,total,10.1,26426
683,562,2017,total,12.1,916
683,48,2017,total,12.6,201
683,257,2017,total,10.5,1000
683,116,2017,total,15.9,250
683,195,2017,total,14.0,887
683,183,2017,total,14.7,300
683,972,2017,total,12.7,12205
683,29,2017,total,15.2,545
683,394,2017,total,12.5,331
683,363,2017,total,7.5,48
683,613,2017,total,12.9,14026
683,30,2017,total,12.5,86
683,110,2017,total,13.5,215
683,399,2017,total,15.2,266
683,797,2017,total,13.5,2036
683,568,2017,total,12.5,8756
683,966,2017,total,10.4,10685
683,382,2017,total,11.2,213
683,581,2017,total,12.2,1688
683,519,2017,total,10.4,1970
683,502,2017,total,10.4,3752
683,294,2017,total,10.1,2777
683,414,2017,total,13.1,1766
683,493,2017,total,9.9,11982
683,24,2017,total,6.1,87
683,369,2017,total,13.8,640
683,264,2017,total,13.7,299
683,54,2017,total,15.7,274
683,66,2017,total,10.6,459
683,836,2017,total,11.2,72497
683,252,2017,total,15.1,1016
683,451,2017,total,15.2,573
683,556,2017,total,12.0,8343
683,78,2017,total,12.3,404
683,848,2017,total,10.1,48373
683,239,2017,total,10.4,1147
683,323,2017,total,10.3,1622
683,794,2017,total,9.0,844
683,59,2017,total,11.5,557
683,74,2017,total,11.6,4429
683,184,2017,total,10.4,4130
683,965,2017,total,11.4,16559
683,293,2017,total,9.2,243
683,261,2017,total,9.8,8808
683,417,2017,total,12.7,185
683,387,2017,total,12.9,186
683,432,2017,total,11.7,545
683,370,2017,total,12.0,345
683,901,2017,total,9.5,106382
683,400,2017,total,9.7,77
683,355,2017,total,10.5,553
683,102,2017,total,12.9,389
683,541,2017,total,10.5,5261
683,27,2017,total,4.5,13
683,181,2017,total,11.1,191
683,243,2017,total,13.1,432
683,358,2017,total,14.3,393
683,526,2017,total,10.6,2695
683,152,2017,total,11.6,5920
683,166,2017,total,10.9,75
683,435,2017,total,3.6,10
683,449,2017,total,10.2,151
683,591,2017,total,12.6,684
683,77,2017,total,15.0,478
683,576,2017,total,8.2,2078
683,603,2017,total,11.3,11187
683,499,2017,total,11.4,16559
683,384,2017,total,14.2,438
683,60,2017,total,11.4,1418
683,200,2017,total,9.0,334
683,842,2017,total,11.1,82806
683,352,2017,total,12.5,255
683,228,2017,total,10.9,3374
683,296,2017,total,11.6,593
683,579,2017,total,9.9,10882
683,88,2017,total,11.2,1514
683,305,2017,total,14.6,499
683,373,2017,total,10.0,293
683,838,2017,total,11.6,11918
683,38,2017,total,12.9,274
683,609,2017,total,11.8,7395
683,606,2017,total,11.6,11859
683,119,2017,total,11.1,526
683,376,2017,total,12.0,458
683,302,2017,total,14.3,240
683,587,2017,total,12.9,2001
683,968,2017,total,11.6,11918
683,403,2017,total,6.6,266
683,198,2017,total,9.1,941
683,381,2017,total,16.3,190
683,530,2017,total,12.2,3047
683,558,2017,total,14.2,1718
683,148,2017,total,9.1,116
683,126,2017,total,12.2,792
683,552,2017,total,13.5,708
683,614,2017,total,8.9,7860
683,597,2017,total,5.4,463
683,398,2017,total,11.3,360
683,488,2017,total,9.1,74342
683,250,2017,total,10.3,260
683,235,2017,total,9.5,489
683,518,2017,total,9.8,16543
683,976,2017,total,10.9,14061
683,160,2017,total,6.4,14
683,53,2017,total,11.0,159
683,344,2017,total,12.5,2744
683,319,2017,total,12.1,152
683,849,2017,total,11.3,43288
683,145,2017,total,9.4,691
683,253,2017,total,9.9,2163
683,835,2017,total,12.3,40149
683,425,2017,total,10.2,1580
683,34,2017,total,5.8,50
683,617,2017,total,12.1,5431
683,334,2017,total,15.2,257
683,406,2017,total,9.4,3033
683,238,2017,total,11.0,129
683,850,2017,total,5.2,849
683,207,2017,total,11.2,1062
683,272,2017,total,10.0,70
683,232,2017,total,11.1,124
683,187,2017,total,11.4,1097
683,904,2017,total,12.0,55194
683,13,2017,total,6.0,19
683,92,2017,total,9.4,1688
683,49,2017,total,9.5,1302
683,320,2017,total,11.9,302
683,570,2017,total,13.8,1776
683,19,2017,total,12.1,147
683,142,2017,total,9.8,2374
683,108,2017,total,13.6,372
683,962,2017,total,12.1,5431
683,536,2017,total,9.9,11982
683,316,2017,total,13.9,325
683,422,2017,total,10.9,213
683,163,2017,total,13.2,304
683,515,2017,total,11.2,1253
683,37,2017,total,13.1,579
683,699,2017,total,5.1,71
683,268,2017,total,10.4,378
683,958,2017,total,12.9,14026
683,2,2017,total,12.4,720
683,594,2017,total,10.2,867
683,290,2017,total,13.5,392
683,95,2017,total,10.8,752
683,201,2017,total,11.2,756
683,46,2017,total,8.2,25103
683,156,2017,total,11.2,667
683,539,2017,total,11.6,5920
683,595,2017,total,10.5,1089
683,280,2017,total,12.5,278
683,259,2017,total,12.7,730
683,342,2017,total,11.0,205
683,87,2017,total,14.8,174
683,70,2017,total,11.9,333
683,336,2017,total,10.6,661
683,297,2017,total,8.8,102
683,554,2017,total,14.5,1379
683,69,2017,total,11.9,163
683,118,2017,total,14.7,808
683,224,2017,total,12.7,270
683,970,2017,total,11.2,29960
683,20,2017,total,8.0,10278
683,572,2017,total,13.3,1651
683,392,2017,total,13.4,248
683,516,2017,total,9.0,1249
683,197,2017,total,14.0,1128
683,313,2017,total,10.4,1430
683,274,2017,total,11.0,147
683,404,2017,total,9.8,940
683,560,2017,total,10.7,9386
683,969,2017,total,8.9,20512
683,301,2017,total,18.1,358
683,32,2017,total,12.1,90
683,292,2017,total,10.7,5091
683,795,2017,total,14.7,1007
683,902,2017,total,10.0,49196
683,964,2017,total,10.4,3752
683,397,2017,total,10.9,825
683,213,2017,total,9.9,320
683,448,2017,total,11.4,1891
683,144,2017,total,13.8,253
683,174,2017,total,13.9,211
683,26,2017,total,5.1,17
683,495,2017,total,10.6,8199
683,489,2017,total,10.1,26112
683,112,2017,total,14.2,1134
683,191,2017,total,10.5,191
683,583,2017,total,14.5,1134
683,611,2017,total,12.2,17073
683,504,2017,total,12.1,5431
683,834,2017,total,10.4,40173
683,347,2017,total,11.6,3542
683,331,2017,total,8.2,270
683,52,2017,total,11.1,685
683,318,2017,total,13.2,286
683,728,2017,total,5.2,849
683,64,2017,total,14.8,561
683,136,2017,total,9.6,345
683,242,2017,total,9.3,1081
683,846,2017,total,12.0,56708
683,93,2017,total,14.5,308
683,359,2017,total,11.7,730
683,903,2017,total,11.6,56373
683,186,2017,total,12.9,1027
683,231,2017,total,10.7,465
683,963,2017,total,11.3,11187
683,248,2017,total,10.7,1903
683,430,2017,total,14.9,273
683,291,2017,total,13.2,182
683,490,2017,total,10.9,14061
683,57,2017,total,9.4,563
683,839,2017,total,5.2,849
683,113,2017,total,13.0,1261
683,610,2017,total,12.7,12205
683,107,2017,total,13.0,688
683,584,2017,total,13.8,2158
683,385,2017,total,13.3,241
683,505,2017,total,11.6,11918
683,173,2017,total,10.2,289
683,306,2017,total,14.1,117
683,330,2017,total,12.4,385
683,39,2017,total,9.5,514
683,727,2017,total,10.6,309924
683,348,2017,total,11.3,261
683,82,2017,total,14.2,498
683,957,2017,total,10.6,8199
683,547,2017,total,12.7,3476
683,212,2017,total,7.2,147
683,94,2017,total,11.2,2228
683,150,2017,total,12.0,181
683,845,2017,total,9.5,106382
683,528,2017,total,14.8,1464
683,559,2017,total,14.5,2144
683,63,2017,total,12.7,809
683,354,2017,total,8.8,302
683,840,2017,total,9.1,74342
683,45,2017,total,14.6,368
683,523,2017,total,11.2,8629
683,75,2017,total,11.3,363
683,975,2017,total,9.9,11982
683,9,2017,total,9.6,522
683,553,2017,total,13.6,3131
683,658,2017,total,10.6,311670
683,99,2017,total,11.8,454
683,300,2017,total,15.9,314
683,179,2017,total,10.7,516
683,285,2017,total,14.7,385
683,101,2017,total,14.1,137
683,192,2017,total,4.7,50
683,577,2017,total,11.5,989
683,590,2017,total,11.2,3697
683,21,2017,total,9.2,654
683,496,2017,total,11.9,10393
683,312,2017,total,12.7,1730
683,273,2017,total,10.8,277
683,167,2017,total,11.5,1088
683,33,2017,total,10.8,1395
683,616,2017,total,11.1,21984
683,206,2017,total,11.6,553
683,589,2017,total,11.7,3858
683,378,2017,total,10.5,11300
683,604,2017,total,11.2,31160
683,405,2017,total,13.2,272
683,182,2018,total,14.5,846
683,306,2018,total,14.7,122
683,839,2018,total,5.4,895
683,167,2018,total,11.4,1076
683,57,2018,total,9.7,586
683,212,2018,total,7.4,153
683,854,2018,total,9.4,349
683,338,2018,total,17.6,460
683,25,2018,total,13.6,1441
683,135,2018,total,14.9,1078
683,150,2018,total,12.0,182
683,963,2018,total,11.6,11530
683,103,2018,total,13.7,120
683,430,2018,total,15.1,273
683,385,2018,total,13.9,249
683,353,2018,total,8.4,950
683,291,2018,total,14.1,193
683,321,2018,total,13.0,201
683,588,2018,total,11.9,3489
683,559,2018,total,15.0,2181
683,371,2018,total,11.9,522
683,39,2018,total,9.4,507
683,164,2018,total,14.1,1809
683,356,2018,total,12.8,165
683,574,2018,total,9.4,5231
683,524,2018,total,14.1,1646
683,497,2018,total,12.8,18189
683,601,2018,total,10.5,27629
683,100,2018,total,14.0,1108
683,75,2018,total,12.2,392
683,510,2018,total,9.2,70172
683,138,2018,total,13.1,672
683,28,2018,total,13.9,553
683,350,2018,total,15.0,418
683,121,2018,total,9.8,806
683,196,2018,total,16.4,80
683,840,2018,total,9.3,77378
683,247,2018,total,14.3,738
683,273,2018,total,11.1,281
683,607,2018,total,10.8,8325
683,54,2018,total,16.2,280
683,399,2018,total,15.4,264
683,577,2018,total,11.8,1005
683,226,2018,total,14.8,206
683,294,2018,total,10.5,2910
683,382,2018,total,11.5,218
683,303,2018,total,10.8,346
683,836,2018,total,11.4,74369
683,527,2018,total,12.9,2637
683,297,2018,total,9.2,106
683,117,2018,total,12.3,1521
683,585,2018,total,11.6,2608
683,604,2018,total,11.4,32029
683,78,2018,total,12.4,404
683,300,2018,total,16.5,321
683,223,2018,total,14.5,80
683,506,2018,total,5.4,895
683,451,2018,total,15.3,564
683,966,2018,total,10.8,11269
683,374,2018,total,11.8,300
683,556,2018,total,12.4,8610
683,563,2018,total,11.6,1553
683,503,2018,total,11.3,22842
683,535,2018,total,14.1,2407
683,582,2018,total,13.4,2462
683,83,2018,total,14.5,173
683,156,2018,total,11.0,650
683,201,2018,total,11.4,775
683,18,2018,total,17.3,169
683,36,2018,total,10.1,560
683,171,2018,total,13.4,118
683,349,2018,total,13.6,141
683,969,2018,total,9.1,21392
683,313,2018,total,10.8,1487
683,280,2018,total,13.6,303
683,220,2018,total,12.7,154
683,265,2018,total,10.9,636
683,174,2018,total,14.0,212
683,346,2018,total,12.0,88
683,193,2018,total,9.8,1102
683,392,2018,total,13.7,253
683,46,2018,total,8.3,25869
683,255,2018,total,9.5,531
683,361,2018,total,14.8,277
683,843,2018,total,12.1,85741
683,970,2018,total,11.4,30797
683,560,2018,total,10.9,9653
683,327,2018,total,11.6,3574
683,629,2018,total,9.3,77143
683,61,2018,total,10.2,445
683,114,2018,total,6.2,333
683,153,2018,total,10.3,462
683,241,2018,total,11.9,635
683,611,2018,total,12.7,17698
683,521,2018,total,10.0,3942
683,491,2018,total,11.6,11530
683,545,2018,total,11.6,5014
683,22,2018,total,10.2,555
683,500,2018,total,13.0,14232
683,795,2018,total,14.4,973
683,849,2018,total,11.5,44334
683,517,2018,total,10.8,4076
683,973,2018,total,11.3,22842
683,97,2018,total,9.9,1690
683,258,2018,total,12.4,98
683,596,2018,total,5.1,333
683,237,2018,total,11.6,542
683,343,2018,total,13.6,331
683,846,2018,total,12.4,58404
683,494,2018,total,12.0,12248
683,388,2018,total,10.4,1237
683,310,2018,total,14.6,610
683,4,2018,total,10.5,146
683,111,2018,total,13.1,119
683,64,2018,total,15.2,566
683,331,2018,total,8.9,297
683,614,2018,total,9.2,8129
683,132,2018,total,12.1,124
683,798,2018,total,14.4,487
683,177,2018,total,9.6,6317
683,283,2018,total,14.0,425
683,43,2018,total,10.9,538
683,204,2018,total,12.5,1239
683,976,2018,total,11.2,14382
683,12,2018,total,11.2,235
683,122,2018,total,11.1,2066
683,29,2018,total,15.5,554
683,139,2018,total,15.1,116
683,381,2018,total,16.9,191
683,796,2018,total,9.7,1617
683,561,2018,total,12.5,473
683,841,2018,total,10.8,71684
683,835,2018,total,12.7,41407
683,53,2018,total,11.4,161
683,302,2018,total,14.2,237
683,514,2018,total,10.4,3402
683,257,2018,total,10.7,1014
683,263,2018,total,15.8,665
683,85,2018,total,10.6,6886
683,520,2018,total,12.2,2483
683,578,2018,total,10.5,2874
683,319,2018,total,12.7,155
683,398,2018,total,12.5,400
683,145,2018,total,10.0,750
683,207,2018,total,11.7,1106
683,116,2018,total,15.9,247
683,340,2018,total,7.3,78
683,493,2018,total,10.1,12273
683,543,2018,total,11.0,2943
683,234,2018,total,8.5,881
683,617,2018,total,12.3,5495
683,620,2018,total,5.4,895
683,157,2018,total,11.3,191
683,30,2018,total,13.2,91
683,195,2018,total,14.4,913
683,325,2018,total,10.9,101
683,402,2018,total,11.6,217
683,375,2018,total,12.8,142
683,219,2018,total,5.1,333
683,58,2018,total,11.4,4422
683,320,2018,total,11.9,296
683,183,2018,total,14.6,294
683,307,2018,total,10.3,130
683,519,2018,total,11.0,2092
683,24,2018,total,6.6,95
683,151,2018,total,12.0,3757
683,369,2018,total,13.8,637
683,414,2018,total,13.5,1809
683,110,2018,total,14.0,221
683,958,2018,total,13.0,14232
683,425,2018,total,10.6,1675
683,408,2018,total,12.5,1547
683,502,2018,total,10.8,3879
683,581,2018,total,12.6,1744
683,175,2018,total,4.8,8
683,252,2018,total,15.2,1004
683,268,2018,total,10.6,377
683,239,2018,total,11.0,1218
683,202,2018,total,11.9,3241
683,971,2018,total,9.2,8464
683,91,2018,total,10.2,2229
683,163,2018,total,13.5,310
683,357,2018,total,11.9,683
683,152,2018,total,12.3,6229
683,59,2018,total,12.1,612
683,368,2018,total,12.6,716
683,531,2018,total,10.7,21678
683,413,2018,total,10.3,11124
683,567,2018,total,13.8,1864
683,612,2018,total,11.7,15444
683,23,2018,total,13.7,204
683,293,2018,total,9.6,258
683,492,2018,total,11.4,30797
683,959,2018,total,12.3,10636
683,550,2018,total,13.2,4348
683,351,2018,total,12.3,1404
683,606,2018,total,12.0,12248
683,65,2018,total,10.9,1863
683,586,2018,total,11.5,1376
683,269,2018,total,16.0,667
683,387,2018,total,12.8,185
683,5,2018,total,13.4,907
683,847,2018,total,11.8,56559
683,133,2018,total,8.9,1835
683,77,2018,total,15.6,491
683,797,2018,total,13.8,2086
683,965,2018,total,11.6,16997
683,905,2018,total,11.5,44669
683,449,2018,total,11.0,161
683,549,2018,total,12.9,2073
683,11,2018,total,9.6,257
683,444,2018,total,14.2,404
683,592,2018,total,14.8,1766
683,562,2018,total,12.5,939
683,977,2018,total,10.5,13190
683,363,2018,total,7.2,46
683,84,2018,total,14.6,619
683,579,2018,total,10.1,11265
683,960,2018,total,8.3,25869
683,35,2018,total,12.9,410
683,221,2018,total,10.2,530
683,115,2018,total,9.7,219
683,314,2018,total,13.0,319
683,432,2018,total,11.8,545
683,208,2018,total,12.7,69
683,618,2018,total,11.6,4140
683,233,2018,total,8.9,124
683,842,2018,total,11.4,84872
683,60,2018,total,11.6,1445
683,498,2018,total,13.1,12582
683,127,2018,total,16.5,209
683,393,2018,total,11.6,2449
683,420,2018,total,18.7,283
683,525,2018,total,11.4,6101
683,488,2018,total,9.3,77378
683,610,2018,total,13.1,12582
683,394,2018,total,12.9,348
683,518,2018,total,10.2,17363
683,957,2018,total,10.8,8325
683,347,2018,total,11.6,3577
683,972,2018,total,13.1,12582
683,597,2018,total,5.6,490
683,48,2018,total,12.6,197
683,141,2018,total,12.2,573
683,501,2018,total,9.2,8464
683,66,2018,total,11.3,492
683,238,2018,total,11.2,129
683,282,2018,total,12.4,1454
683,845,2018,total,9.7,110224
683,34,2018,total,5.7,50
683,191,2018,total,10.4,189
683,63,2018,total,12.7,816
683,112,2018,total,14.5,1153
683,406,2018,total,9.6,3135
683,126,2018,total,12.6,807
683,330,2018,total,12.5,386
683,613,2018,total,13.0,14232
683,421,2018,total,11.8,286
683,253,2018,total,10.4,2294
683,344,2018,total,12.8,2784
683,594,2018,total,10.4,891
683,975,2018,total,10.1,12273
683,108,2018,total,14.0,379
683,288,2018,total,9.1,892
683,536,2018,total,10.1,12273
683,232,2018,total,12.0,132
683,515,2018,total,11.7,1306
683,187,2018,total,11.7,1138
683,69,2018,total,11.8,158
683,19,2018,total,12.8,154
683,547,2018,total,13.1,3549
683,95,2018,total,11.1,774
683,848,2018,total,10.4,50154
683,206,2018,total,12.2,583
683,264,2018,total,13.9,299
683,568,2018,total,12.6,8906
683,179,2018,total,11.0,538
683,285,2018,total,15.1,392
683,904,2018,total,12.4,56851
683,45,2018,total,14.5,358
683,616,2018,total,11.3,22641
683,235,2018,total,9.9,514
683,539,2018,total,12.3,6229
683,2,2018,total,13.0,745
683,312,2018,total,12.9,1767
683,274,2018,total,11.3,151
683,336,2018,total,11.1,687
683,961,2018,total,10.3,5658
683,978,2018,total,10.5,27308
683,901,2018,total,9.7,110224
683,210,2018,total,6.0,15
683,445,2018,total,9.7,689
683,55,2018,total,11.0,2821
683,698,2018,total,13.3,2077
683,370,2018,total,12.1,343
683,837,2018,total,11.5,28337
683,184,2018,total,10.6,4241
683,70,2018,total,12.4,346
683,728,2018,total,5.4,895
683,304,2018,total,14.9,277
683,383,2018,total,12.9,433
683,373,2018,total,9.8,292
683,526,2018,total,11.0,2792
683,619,2018,total,12.0,7978
683,37,2018,total,13.1,574
683,209,2018,total,10.5,95
683,431,2018,total,13.7,296
683,499,2018,total,11.6,16997
683,400,2018,total,9.5,75
683,102,2018,total,13.6,408
683,339,2018,total,10.6,3393
683,591,2018,total,12.7,685
683,572,2018,total,13.6,1681
683,13,2018,total,6.3,20
683,358,2018,total,15.0,403
683,27,2018,total,5.2,15
683,92,2018,total,9.8,1799
683,73,2018,total,12.2,1172
683,181,2018,total,11.8,200
683,427,2018,total,18.5,782
683,88,2018,total,11.6,1553
683,198,2018,total,9.4,987
683,530,2018,total,12.5,3149
683,119,2018,total,10.7,505
683,301,2018,total,18.4,360
683,292,2018,total,10.9,5186
683,551,2018,total,11.8,8501
683,605,2018,total,10.1,12508
683,834,2018,total,10.7,41690
683,352,2018,total,12.6,255
683,228,2018,total,11.2,3465
683,52,2018,total,11.3,694
683,397,2018,total,11.4,863
683,213,2018,total,10.2,329
683,318,2018,total,13.7,293
683,587,2018,total,13.1,2006
683,144,2018,total,14.6,263
683,602,2018,total,11.2,14382
683,295,2018,total,13.3,328
683,250,2018,total,11.0,284
683,355,2018,total,11.3,588
683,964,2018,total,10.8,3879
683,575,2018,total,10.1,1112
683,76,2018,total,4.1,102
683,271,2018,total,8.0,400
683,554,2018,total,15.0,1404
683,376,2018,total,12.7,482
683,403,2018,total,6.5,262
683,448,2018,total,11.6,1954
683,107,2018,total,13.3,707
683,732,2018,total,12.6,1202
683,216,2018,total,8.9,290
683,505,2018,total,11.8,12118
683,272,2018,total,10.2,73
683,850,2018,total,5.4,895
683,552,2018,total,14.1,723
683,490,2018,total,11.2,14382
683,186,2018,total,13.2,1052
683,231,2018,total,11.0,482
683,608,2018,total,13.1,3549
683,154,2018,total,9.3,335
683,334,2018,total,15.8,263
683,21,2018,total,9.7,683
683,389,2018,total,10.2,9436
683,570,2018,total,13.9,1781
683,94,2018,total,11.4,2257
683,311,2018,total,12.1,575
683,967,2018,total,12.0,12248
683,528,2018,total,15.0,1486
683,160,2018,total,6.5,14
683,584,2018,total,14.2,2224
683,248,2018,total,10.9,1964
683,452,2018,total,12.1,1379
683,44,2018,total,11.1,1417
683,903,2018,total,11.8,57791
683,799,2018,total,9.7,2498
683,243,2018,total,13.0,428
683,658,2018,total,10.8,321555
683,290,2018,total,15.0,431
683,166,2018,total,12.1,84
683,962,2018,total,12.3,5495
683,15,2018,total,6.7,40
683,378,2018,total,10.7,11658
683,354,2018,total,9.3,324
683,316,2018,total,13.4,311
683,99,2018,total,12.6,480
683,699,2018,total,5.3,72
683,348,2018,total,11.9,276
683,82,2018,total,14.5,499
683,260,2018,total,15.5,643
683,9,2018,total,10.0,539
683,49,2018,total,9.6,1320
683,793,2018,total,9.4,420
683,564,2018,total,12.4,1642
683,405,2018,total,13.1,264
683,113,2018,total,13.5,1306
683,540,2018,total,11.8,6019
683,328,2018,total,11.4,407
683,33,2018,total,10.9,1414
683,142,2018,total,10.1,2466
683,589,2018,total,11.7,3885
683,422,2018,total,10.9,210
683,590,2018,total,11.4,3736
683,523,2018,total,11.4,8794
683,62,2018,total,13.8,610
683,192,2018,total,4.6,49
683,74,2018,total,11.9,4566
683,101,2018,total,14.8,139
683,496,2018,total,12.3,10636
683,417,2018,total,13.7,196
683,844,2018,total,5.4,895
683,242,2018,total,9.8,1158
683,87,2018,total,15.2,176
683,197,2018,total,14.8,1177
683,323,2018,total,10.6,1671
683,317,2018,total,9.6,2182
683,576,2018,total,8.3,2121
683,118,2018,total,15.2,817
683,68,2018,total,9.6,321
683,794,2018,total,9.3,874
683,516,2018,total,9.3,1294
683,595,2018,total,11.1,1155
683,259,2018,total,13.0,745
683,261,2018,total,10.0,9091
683,974,2018,total,12.8,18189
683,495,2018,total,10.8,8325
683,435,2018,total,3.7,10
683,603,2018,total,11.6,11530
683,20,2018,total,8.2,10779
683,342,2018,total,11.1,207
683,404,2018,total,10.5,1002
683,32,2018,total,12.8,96
683,833,2018,total,9.9,121754
683,143,2018,total,10.7,250
683,224,2018,total,13.4,283
683,296,2018,total,11.9,604
683,553,2018,total,14.1,3213
683,721,2018,total,14.2,2737
683,178,2018,total,10.5,459
683,615,2018,total,10.7,4415
683,541,2018,total,10.7,5382
683,284,2018,total,9.0,971
683,504,2018,total,12.3,5495
683,489,2018,total,10.5,27308
683,305,2018,total,15.3,520
683,609,2018,total,12.1,7578
683,838,2018,total,11.8,12118
683,423,2018,total,13.9,310
683,384,2018,total,14.7,450
683,583,2018,total,14.9,1163
683,956,2018,total,5.4,895
683,200,2018,total,9.4,352
683,727,2018,total,10.8,319675
683,136,2018,total,10.1,363
683,359,2018,total,12.1,761
683,968,2018,total,11.8,12118
683,266,2018,total,16.3,370
683,173,2018,total,10.6,300
683,558,2018,total,15.0,1791
683,38,2018,total,13.4,279
683,148,2018,total,9.3,117
683,902,2018,total,10.3,51035
683,161,2018,total,11.7,7097
683,93,2018,total,15.2,315
683,26,2018,total,5.2,17
683,527,2019,total,13.3,2729
683,510,2019,total,9.4,72658
683,388,2019,total,10.8,1284
683,371,2019,total,11.8,518
683,966,2019,total,11.0,11687
683,294,2019,total,10.7,3004
683,574,2019,total,9.7,5432
683,497,2019,total,13.3,19004
683,103,2019,total,14.0,120
683,559,2019,total,15.2,2182
683,135,2019,total,15.2,1083
683,604,2019,total,11.6,32948
683,182,2019,total,15.1,873
683,28,2019,total,14.2,561
683,121,2019,total,9.9,843
683,854,2019,total,9.6,353
683,57,2019,total,9.8,597
683,212,2019,total,7.9,165
683,43,2019,total,11.5,568
683,840,2019,total,9.5,80071
683,353,2019,total,9.0,1044
683,430,2019,total,15.0,271
683,247,2019,total,15.0,781
683,338,2019,total,17.6,451
683,902,2019,total,10.6,52629
683,839,2019,total,5.8,969
683,494,2019,total,12.4,12608
683,359,2019,total,12.2,765
683,969,2019,total,9.3,22187
683,618,2019,total,11.9,4240
683,404,2019,total,10.9,1043
683,280,2019,total,13.8,305
683,93,2019,total,15.7,320
683,100,2019,total,14.0,1102
683,132,2019,total,12.2,124
683,588,2019,total,12.2,3566
683,61,2019,total,10.5,455
683,327,2019,total,11.8,3677
683,607,2019,total,11.1,8514
683,171,2019,total,13.9,121
683,226,2019,total,15.8,217
683,560,2019,total,11.0,9829
683,303,2019,total,10.8,346
683,592,2019,total,15.4,1810
683,11,2019,total,9.7,263
683,153,2019,total,10.6,471
683,977,2019,total,10.6,13591
683,563,2019,total,12.1,1612
683,150,2019,total,13.2,201
683,306,2019,total,15.1,125
683,258,2019,total,12.9,99
683,843,2019,total,12.4,88259
683,795,2019,total,14.3,961
683,385,2019,total,13.8,247
683,201,2019,total,11.3,772
683,356,2019,total,13.0,166
683,39,2019,total,10.0,539
683,114,2019,total,6.5,356
683,846,2019,total,12.8,60136
683,49,2019,total,9.9,1369
683,4,2019,total,11.0,153
683,178,2019,total,11.0,489
683,223,2019,total,14.9,82
683,268,2019,total,11.2,394
683,615,2019,total,11.1,4583
683,313,2019,total,11.3,1558
683,491,2019,total,12.0,11993
683,422,2019,total,11.1,213
683,83,2019,total,14.5,174
683,32,2019,total,12.9,96
683,531,2019,total,10.9,22354
683,64,2019,total,15.9,582
683,425,2019,total,11.0,1757
683,974,2019,total,13.3,19004
683,111,2019,total,13.0,117
683,521,2019,total,10.1,4006
683,798,2019,total,14.8,493
683,142,2019,total,10.5,2578
683,156,2019,total,11.3,658
683,204,2019,total,12.9,1279
683,310,2019,total,14.6,603
683,283,2019,total,14.6,437
683,585,2019,total,12.0,2709
683,612,2019,total,11.8,15779
683,506,2019,total,5.8,969
683,175,2019,total,6.1,10
683,220,2019,total,12.9,158
683,374,2019,total,12.0,306
683,207,2019,total,12.2,1152
683,524,2019,total,14.2,1636
683,22,2019,total,10.3,569
683,971,2019,total,9.5,8751
683,346,2019,total,12.3,89
683,46,2019,total,8.5,26706
683,117,2019,total,12.5,1553
683,196,2019,total,18.0,86
683,849,2019,total,11.8,45514
683,241,2019,total,12.4,660
683,500,2019,total,13.2,14391
683,316,2019,total,13.3,308
683,545,2019,total,12.1,5206
683,138,2019,total,13.7,694
683,350,2019,total,15.4,425
683,503,2019,total,11.5,23487
683,349,2019,total,13.6,139
683,392,2019,total,14.0,253
683,958,2019,total,13.2,14391
683,582,2019,total,13.7,2501
683,219,2019,total,5.7,376
683,629,2019,total,9.5,79833
683,193,2019,total,10.1,1155
683,25,2019,total,14.2,1505
683,160,2019,total,6.4,14
683,265,2019,total,11.3,661
683,343,2019,total,14.1,342
683,328,2019,total,12.3,437
683,94,2019,total,11.8,2329
683,266,2019,total,16.2,362
683,311,2019,total,12.6,600
683,405,2019,total,13.0,258
683,617,2019,total,12.6,5574
683,62,2019,total,13.9,617
683,21,2019,total,10.1,707
683,799,2019,total,10.0,2557
683,844,2019,total,5.8,969
683,15,2019,total,6.4,38
683,148,2019,total,10.2,129
683,290,2019,total,15.5,442
683,88,2019,total,12.1,1612
683,976,2019,total,11.3,14510
683,305,2019,total,15.4,523
683,243,2019,total,13.2,431
683,564,2019,total,12.8,1692
683,154,2019,total,9.3,338
683,578,2019,total,10.8,2994
683,231,2019,total,11.8,516
683,9,2019,total,10.5,566
683,76,2019,total,4.4,113
683,384,2019,total,14.4,436
683,552,2019,total,14.7,738
683,523,2019,total,11.5,8868
683,38,2019,total,14.3,292
683,962,2019,total,12.6,5574
683,113,2019,total,13.9,1333
683,389,2019,total,10.5,9845
683,237,2019,total,12.3,572
683,558,2019,total,15.1,1783
683,603,2019,total,12.0,11993
683,284,2019,total,9.2,994
683,361,2019,total,14.8,271
683,331,2019,total,9.4,318
683,119,2019,total,10.9,511
683,348,2019,total,12.4,289
683,956,2019,total,5.8,969
683,82,2019,total,15.0,506
683,166,2019,total,12.7,90
683,107,2019,total,13.5,726
683,213,2019,total,10.5,336
683,27,2019,total,5.9,17
683,198,2019,total,9.5,1019
683,136,2019,total,10.3,377
683,611,2019,total,13.3,18500
683,838,2019,total,12.2,12419
683,272,2019,total,10.4,73
683,44,2019,total,11.6,1487
683,517,2019,total,11.2,4211
683,186,2019,total,13.2,1057
683,596,2019,total,5.7,376
683,400,2019,total,9.3,72
683,903,2019,total,12.0,59332
683,323,2019,total,11.2,1780
683,721,2019,total,14.7,2817
683,584,2019,total,14.7,2290
683,174,2019,total,14.3,214
683,505,2019,total,12.2,12419
683,435,2019,total,4.7,13
683,373,2019,total,10.2,303
683,572,2019,total,13.6,1671
683,589,2019,total,11.9,3985
683,968,2019,total,12.2,12419
683,101,2019,total,14.6,137
683,68,2019,total,9.7,325
683,317,2019,total,9.8,2212
683,970,2019,total,11.6,31651
683,255,2019,total,9.7,545
683,300,2019,total,16.4,315
683,833,2019,total,10.1,125907
683,118,2019,total,16.3,869
683,197,2019,total,15.4,1200
683,242,2019,total,10.1,1207
683,336,2019,total,11.4,702
683,595,2019,total,11.4,1180
683,26,2019,total,6.1,20
683,535,2019,total,14.6,2485
683,794,2019,total,9.7,915
683,200,2019,total,9.4,363
683,547,2019,total,13.5,3627
683,516,2019,total,9.7,1351
683,45,2019,total,14.7,358
683,489,2019,total,10.8,28422
683,70,2019,total,12.5,347
683,590,2019,total,11.7,3829
683,417,2019,total,14.7,209
683,161,2019,total,12.3,7523
683,609,2019,total,12.6,7842
683,192,2019,total,4.7,50
683,312,2019,total,13.1,1798
683,342,2019,total,11.5,216
683,541,2019,total,10.9,5487
683,297,2019,total,9.5,109
683,496,2019,total,12.8,10965
683,63,2019,total,12.7,824
683,173,2019,total,10.8,304
683,616,2019,total,11.5,23276
683,99,2019,total,13.8,515
683,845,2019,total,10.0,113914
683,423,2019,total,14.3,317
683,490,2019,total,11.3,14510
683,224,2019,total,13.4,281
683,261,2019,total,10.0,9346
683,179,2019,total,11.2,544
683,727,2019,total,11.1,329282
683,577,2019,total,12.2,1040
683,291,2019,total,14.2,194
683,273,2019,total,11.2,279
683,33,2019,total,11.0,1424
683,378,2019,total,10.9,12043
683,528,2019,total,15.3,1500
683,167,2019,total,11.5,1083
683,75,2019,total,12.7,408
683,975,2019,total,10.4,12721
683,354,2019,total,9.5,335
683,658,2019,total,11.1,331279
683,87,2019,total,15.6,174
683,963,2019,total,12.0,11993
683,553,2019,total,14.7,3338
683,143,2019,total,11.1,259
683,248,2019,total,11.2,2056
683,2,2019,total,13.2,752
683,34,2019,total,6.3,56
683,206,2019,total,12.5,600
683,144,2019,total,14.6,259
683,66,2019,total,11.4,496
683,238,2019,total,11.1,129
683,221,2019,total,10.7,557
683,253,2019,total,10.6,2395
683,330,2019,total,12.6,385
683,19,2019,total,13.1,156
683,285,2019,total,15.9,412
683,957,2019,total,11.1,8514
683,394,2019,total,13.4,364
683,848,2019,total,10.7,51683
683,347,2019,total,11.8,3668
683,972,2019,total,13.4,12776
683,427,2019,total,19.6,823
683,504,2019,total,12.6,5574
683,518,2019,total,10.5,18106
683,271,2019,total,8.4,422
683,610,2019,total,13.4,12776
683,84,2019,total,14.5,613
683,568,2019,total,12.8,9078
683,597,2019,total,5.9,515
683,69,2019,total,12.2,159
683,583,2019,total,15.2,1178
683,20,2019,total,8.4,11265
683,492,2019,total,11.6,31651
683,376,2019,total,12.7,482
683,421,2019,total,11.8,289
683,115,2019,total,10.5,238
683,344,2019,total,13.1,2844
683,318,2019,total,14.3,304
683,834,2019,total,11.0,42932
683,5,2019,total,13.5,916
683,52,2019,total,11.2,685
683,209,2019,total,11.0,101
683,288,2019,total,9.1,908
683,48,2019,total,13.6,209
683,530,2019,total,12.9,3243
683,397,2019,total,11.6,880
683,501,2019,total,9.5,8751
683,368,2019,total,12.7,714
683,551,2019,total,12.3,8989
683,961,2019,total,10.6,5900
683,579,2019,total,10.2,11622
683,23,2019,total,13.5,199
683,141,2019,total,12.2,568
683,445,2019,total,9.9,712
683,191,2019,total,10.5,190
683,296,2019,total,12.5,631
683,112,2019,total,14.4,1140
683,495,2019,total,11.1,8514
683,540,2019,total,12.0,6108
683,602,2019,total,11.3,14510
683,448,2019,total,11.9,2032
683,92,2019,total,10.0,1856
683,358,2019,total,16.0,426
683,403,2019,total,6.6,267
683,904,2019,total,12.8,58524
683,133,2019,total,9.0,1882
683,728,2019,total,5.8,969
683,77,2019,total,16.1,504
683,292,2019,total,11.0,5253
683,260,2019,total,16.0,658
683,576,2019,total,8.5,2186
683,274,2019,total,11.9,160
683,151,2019,total,12.2,3816
683,413,2019,total,10.4,11415
683,108,2019,total,14.2,379
683,837,2019,total,11.7,29061
683,259,2019,total,13.2,760
683,964,2019,total,11.2,4034
683,187,2019,total,11.8,1165
683,355,2019,total,11.8,612
683,74,2019,total,12.1,4687
683,55,2019,total,11.1,2871
683,554,2019,total,15.4,1430
683,307,2019,total,10.6,133
683,95,2019,total,11.6,815
683,250,2019,total,11.5,297
683,235,2019,total,10.2,539
683,37,2019,total,13.2,576
683,967,2019,total,12.4,12608
683,539,2019,total,12.9,6500
683,515,2019,total,12.1,1351
683,301,2019,total,18.5,356
683,699,2019,total,5.7,78
683,102,2019,total,13.8,416
683,184,2019,total,10.8,4316
683,605,2019,total,10.4,12959
683,406,2019,total,10.0,3272
683,58,2019,total,11.8,4579
683,488,2019,total,9.5,80071
683,594,2019,total,10.8,925
683,793,2019,total,9.8,436
683,181,2019,total,11.9,199
683,591,2019,total,13.1,690
683,383,2019,total,13.0,430
683,13,2019,total,6.1,19
683,304,2019,total,15.2,278
683,232,2019,total,13.0,141
683,126,2019,total,13.1,835
683,325,2019,total,11.8,110
683,841,2019,total,11.2,74258
683,608,2019,total,13.5,3627
683,536,2019,total,10.4,12721
683,431,2019,total,14.2,305
683,570,2019,total,14.1,1793
683,901,2019,total,10.0,113914
683,587,2019,total,13.3,2008
683,116,2019,total,17.0,265
683,375,2019,total,13.6,152
683,452,2019,total,12.5,1433
683,420,2019,total,18.9,284
683,53,2019,total,12.3,172
683,163,2019,total,13.8,316
683,835,2019,total,13.2,42745
683,257,2019,total,10.9,1046
683,561,2019,total,12.5,465
683,302,2019,total,14.2,234
683,850,2019,total,5.8,969
683,514,2019,total,10.6,3505
683,732,2019,total,12.9,1239
683,139,2019,total,15.4,119
683,549,2019,total,13.4,2132
683,12,2019,total,11.6,246
683,320,2019,total,12.6,306
683,334,2019,total,16.1,264
683,393,2019,total,12.0,2571
683,228,2019,total,11.6,3588
683,319,2019,total,13.9,165
683,398,2019,total,13.2,418
683,202,2019,total,12.1,3309
683,614,2019,total,9.5,8413
683,796,2019,total,10.0,1680
683,24,2019,total,7.1,101
683,91,2019,total,10.4,2321
683,216,2019,total,8.8,289
683,295,2019,total,13.4,328
683,369,2019,total,14.3,653
683,65,2019,total,11.1,1890
683,35,2019,total,12.9,407
683,145,2019,total,10.5,789
683,526,2019,total,11.5,2948
683,847,2019,total,12.0,58035
683,314,2019,total,14.0,338
683,97,2019,total,10.0,1720
683,177,2019,total,9.9,6550
683,543,2019,total,11.4,3027
683,370,2019,total,12.7,354
683,498,2019,total,13.4,12776
683,293,2019,total,9.9,268
683,449,2019,total,10.8,162
683,575,2019,total,10.4,1133
683,408,2019,total,12.8,1586
683,620,2019,total,5.8,969
683,18,2019,total,18.2,174
683,973,2019,total,11.5,23487
683,381,2019,total,17.0,189
683,352,2019,total,12.9,257
683,85,2019,total,10.6,7002
683,195,2019,total,15.3,961
683,157,2019,total,11.4,191
683,263,2019,total,16.1,675
683,965,2019,total,11.9,17391
683,340,2019,total,7.5,79
683,567,2019,total,13.8,1849
683,73,2019,total,12.3,1198
683,339,2019,total,11.0,3525
683,234,2019,total,8.6,900
683,619,2019,total,12.3,8179
683,36,2019,total,10.0,552
683,525,2019,total,11.7,6316
683,499,2019,total,11.9,17391
683,210,2019,total,6.1,15
683,606,2019,total,12.4,12608
683,382,2019,total,12.0,224
683,183,2019,total,14.3,283
683,208,2019,total,11.5,61
683,698,2019,total,13.3,2069
683,152,2019,total,12.9,6500
683,960,2019,total,8.5,26706
683,351,2019,total,12.8,1466
683,444,2019,total,14.7,411
683,550,2019,total,13.8,4509
683,959,2019,total,12.8,10965
683,581,2019,total,13.0,1798
683,59,2019,total,12.5,632
683,502,2019,total,11.2,4034
683,842,2019,total,11.6,86694
683,127,2019,total,17.5,218
683,233,2019,total,9.5,133
683,60,2019,total,12.0,1497
683,978,2019,total,10.8,28422
683,432,2019,total,12.1,549
683,264,2019,total,14.0,298
683,252,2019,total,15.1,982
683,357,2019,total,12.1,686
683,586,2019,total,11.6,1389
683,402,2019,total,12.3,230
683,451,2019,total,15.3,561
683,269,2019,total,16.1,665
683,601,2019,total,10.8,28737
683,556,2019,total,12.7,8811
683,164,2019,total,14.4,1849
683,905,2019,total,11.7,45852
683,239,2019,total,11.3,1261
683,363,2019,total,7.3,46
683,78,2019,total,12.7,404
683,562,2019,total,13.1,976
683,519,2019,total,11.5,2171
683,29,2019,total,15.7,560
683,122,2019,total,11.5,2176
683,399,2019,total,16.2,277
683,520,2019,total,12.7,2583
683,836,2019,total,11.6,76218
683,321,2019,total,13.7,211
683,30,2019,total,12.8,89
683,110,2019,total,14.1,221
683,54,2019,total,16.4,280
683,387,2019,total,12.4,181
683,493,2019,total,10.4,12721
683,414,2019,total,14.1,1873
683,282,2019,total,13.0,1519
683,613,2019,total,13.2,14391
683,797,2019,total,14.4,2170
683,127,2020,total,17.7,223
683,110,2020,total,14.1,219
683,32,2020,total,13.6,99
683,204,2020,total,13.4,1322
683,49,2020,total,10.1,1399
683,142,2020,total,10.7,2645
683,64,2020,total,16.2,586
683,174,2020,total,14.4,214
683,283,2020,total,15.0,447
683,846,2020,total,13.1,61528
683,970,2020,total,11.8,32481
683,268,2020,total,11.5,399
683,313,2020,total,11.6,1615
683,348,2020,total,12.9,300
683,516,2020,total,9.8,1370
683,425,2020,total,11.1,1782
683,363,2020,total,7.0,44
683,82,2020,total,15.3,511
683,192,2020,total,5.0,54
683,531,2020,total,11.1,23090
683,489,2020,total,11.1,29244
683,595,2020,total,11.8,1216
683,849,2020,total,11.9,46417
683,502,2020,total,11.4,4145
683,581,2020,total,13.5,1850
683,78,2020,total,13.0,409
683,905,2020,total,11.9,46768
683,46,2020,total,8.5,26975
683,490,2020,total,11.5,14674
683,552,2020,total,15.4,759
683,113,2020,total,14.1,1352
683,342,2020,total,11.8,221
683,265,2020,total,11.1,658
683,297,2020,total,9.8,112
683,207,2020,total,12.3,1156
683,374,2020,total,12.9,326
683,451,2020,total,15.7,570
683,958,2020,total,13.3,14512
683,392,2020,total,15.2,272
683,577,2020,total,12.5,1059
683,422,2020,total,11.4,218
683,239,2020,total,11.2,1272
683,519,2020,total,11.8,2227
683,316,2020,total,13.3,305
683,160,2020,total,8.1,18
683,21,2020,total,10.5,728
683,520,2020,total,13.0,2643
683,99,2020,total,14.4,532
683,138,2020,total,14.1,702
683,523,2020,total,11.6,8949
683,371,2020,total,12.4,539
683,369,2020,total,14.6,660
683,388,2020,total,11.1,1322
683,570,2020,total,14.3,1813
683,116,2020,total,17.0,260
683,88,2020,total,12.3,1623
683,587,2020,total,13.6,2030
683,43,2020,total,11.8,581
683,617,2020,total,12.7,5593
683,181,2020,total,12.2,204
683,497,2020,total,13.7,19576
683,966,2020,total,11.1,11851
683,24,2020,total,7.0,100
683,560,2020,total,11.0,9991
683,850,2020,total,6.1,1025
683,195,2020,total,15.6,982
683,102,2020,total,14.7,441
683,334,2020,total,15.8,256
683,57,2020,total,10.3,628
683,243,2020,total,13.2,430
683,559,2020,total,15.7,2227
683,839,2020,total,6.1,1025
683,135,2020,total,15.6,1101
683,545,2020,total,12.4,5326
683,976,2020,total,11.5,14674
683,228,2020,total,11.8,3644
683,840,2020,total,9.5,81042
683,370,2020,total,13.1,364
683,607,2020,total,11.1,8551
683,9,2020,total,11.1,602
683,61,2020,total,10.9,469
683,355,2020,total,12.4,640
683,385,2020,total,14.2,252
683,843,2020,total,12.7,90309
683,400,2020,total,8.9,69
683,798,2020,total,15.0,500
683,171,2020,total,14.0,120
683,584,2020,total,15.0,2325
683,156,2020,total,11.3,653
683,614,2020,total,9.7,8644
683,201,2020,total,11.6,792
683,505,2020,total,12.4,12666
683,494,2020,total,12.6,12802
683,310,2020,total,14.8,612
683,969,2020,total,9.3,22491
683,150,2020,total,13.5,203
683,327,2020,total,12.0,3774
683,27,2020,total,6.4,19
683,526,2020,total,11.7,3033
683,177,2020,total,10.2,6822
683,132,2020,total,12.8,130
683,85,2020,total,10.6,7103
683,119,2020,total,11.2,523
683,973,2020,total,11.7,24013
683,331,2020,total,9.5,328
683,258,2020,total,12.2,95
683,39,2020,total,10.2,551
683,198,2020,total,9.6,1047
683,153,2020,total,10.8,474
683,563,2020,total,12.3,1623
683,611,2020,total,13.7,19057
683,306,2020,total,15.3,126
683,795,2020,total,14.4,958
683,280,2020,total,14.0,308
683,352,2020,total,13.3,263
683,553,2020,total,15.1,3419
683,92,2020,total,10.2,1937
683,615,2020,total,11.4,4710
683,521,2020,total,10.4,4096
683,296,2020,total,13.2,663
683,13,2020,total,7.0,22
683,373,2020,total,10.3,303
683,968,2020,total,12.4,12666
683,403,2020,total,6.9,280
683,45,2020,total,15.4,371
683,178,2020,total,11.4,510
683,223,2020,total,14.8,80
683,358,2020,total,16.5,437
683,435,2020,total,4.3,12
683,576,2020,total,8.7,2248
683,241,2020,total,12.8,674
683,255,2020,total,9.7,548
683,609,2020,total,13.0,8018
683,317,2020,total,9.9,2252
683,547,2020,total,13.8,3678
683,727,2020,total,11.3,335804
683,833,2020,total,10.2,127953
683,161,2020,total,12.7,7827
683,535,2020,total,14.7,2503
683,200,2020,total,9.5,372
683,974,2020,total,13.7,19576
683,794,2020,total,9.8,928
683,417,2020,total,14.6,210
683,430,2020,total,14.8,266
683,63,2020,total,12.9,840
683,291,2020,total,14.1,189
683,33,2020,total,11.2,1445
683,143,2020,total,10.8,254
683,235,2020,total,10.4,561
683,963,2020,total,12.3,12376
683,901,2020,total,10.0,115577
683,496,2020,total,13.1,11177
683,541,2020,total,11.0,5532
683,74,2020,total,12.5,4839
683,312,2020,total,13.3,1826
683,117,2020,total,12.8,1582
683,845,2020,total,10.0,115577
683,378,2020,total,11.1,12446
683,699,2020,total,6.3,87
683,515,2020,total,12.3,1360
683,300,2020,total,16.7,319
683,196,2020,total,17.5,83
683,273,2020,total,11.3,275
683,167,2020,total,11.9,1122
683,25,2020,total,14.6,1541
683,604,2020,total,11.8,33785
683,488,2020,total,9.5,81042
683,594,2020,total,11.1,954
683,184,2020,total,10.9,4381
683,261,2020,total,10.1,9559
683,503,2020,total,11.7,24013
683,582,2020,total,13.8,2528
683,583,2020,total,15.4,1187
683,844,2020,total,6.1,1025
683,247,2020,total,15.6,813
683,311,2020,total,12.6,604
683,266,2020,total,16.0,352
683,902,2020,total,10.8,53906
683,112,2020,total,14.6,1149
683,290,2020,total,16.0,453
683,658,2020,total,11.3,337971
683,2,2020,total,13.3,755
683,527,2020,total,13.7,2794
683,510,2020,total,9.4,73550
683,75,2020,total,12.8,408
683,799,2020,total,10.0,2578
683,328,2020,total,12.1,427
683,62,2020,total,14.0,625
683,330,2020,total,12.7,381
683,272,2020,total,10.9,76
683,224,2020,total,13.1,271
683,38,2020,total,14.1,286
683,212,2020,total,8.0,171
683,423,2020,total,14.9,327
683,166,2020,total,12.5,91
683,610,2020,total,13.8,13139
683,20,2020,total,8.4,11441
683,564,2020,total,13.2,1737
683,962,2020,total,12.7,5593
683,504,2020,total,12.7,5593
683,19,2020,total,13.8,163
683,353,2020,total,9.0,1074
683,154,2020,total,9.6,351
683,305,2020,total,15.5,521
683,384,2020,total,15.0,447
683,721,2020,total,14.9,2844
683,173,2020,total,11.7,330
683,323,2020,total,11.5,1844
683,603,2020,total,12.3,12376
683,588,2020,total,12.2,3563
683,100,2020,total,14.0,1095
683,389,2020,total,10.7,10085
683,558,2020,total,15.5,1804
683,284,2020,total,9.4,1022
683,44,2020,total,12.1,1541
683,404,2020,total,11.5,1094
683,359,2020,total,12.1,768
683,93,2020,total,16.4,327
683,838,2020,total,12.4,12666
683,148,2020,total,10.7,135
683,136,2020,total,10.9,397
683,242,2020,total,10.2,1245
683,956,2020,total,6.1,1025
683,191,2020,total,10.5,189
683,347,2020,total,11.8,3714
683,68,2020,total,9.2,310
683,431,2020,total,14.5,312
683,354,2020,total,9.7,348
683,448,2020,total,12.2,2105
683,292,2020,total,11.2,5356
683,339,2020,total,11.4,3663
683,260,2020,total,15.8,650
683,540,2020,total,12.1,6184
683,964,2020,total,11.4,4145
683,73,2020,total,12.7,1229
683,183,2020,total,15.0,292
683,495,2020,total,11.1,8551
683,589,2020,total,12.1,4079
683,58,2020,total,12.1,4769
683,572,2020,total,13.7,1668
683,525,2020,total,12.0,6549
683,602,2020,total,11.5,14674
683,101,2020,total,14.8,140
683,590,2020,total,12.0,3917
683,210,2020,total,7.8,19
683,133,2020,total,8.9,1888
683,55,2020,total,11.2,2905
683,620,2020,total,6.1,1025
683,26,2020,total,6.7,22
683,197,2020,total,16.2,1251
683,605,2020,total,10.8,13422
683,274,2020,total,12.1,161
683,528,2020,total,15.4,1510
683,118,2020,total,16.2,862
683,698,2020,total,13.5,2068
683,619,2020,total,12.5,8339
683,307,2020,total,10.9,136
683,413,2020,total,10.4,11540
683,351,2020,total,13.1,1511
683,259,2020,total,13.4,770
683,837,2020,total,11.8,29606
683,336,2020,total,11.4,698
683,70,2020,total,12.0,330
683,325,2020,total,11.8,107
683,539,2020,total,13.2,6618
683,91,2020,total,10.6,2392
683,492,2020,total,11.8,32481
683,796,2020,total,10.2,1711
683,357,2020,total,12.9,729
683,402,2020,total,12.1,227
683,841,2020,total,11.4,76155
683,248,2020,total,11.3,2118
683,978,2020,total,11.1,29244
683,29,2020,total,15.7,561
683,586,2020,total,12.1,1448
683,12,2020,total,12.0,257
683,967,2020,total,12.6,12802
683,616,2020,total,11.6,23799
683,608,2020,total,13.8,3678
683,561,2020,total,12.8,474
683,179,2020,total,11.1,543
683,87,2020,total,16.1,178
683,151,2020,total,12.3,3850
683,793,2020,total,9.9,442
683,122,2020,total,11.5,2197
683,304,2020,total,15.1,279
683,383,2020,total,13.1,431
683,37,2020,total,13.1,568
683,975,2020,total,10.8,13182
683,219,2020,total,6.0,396
683,15,2020,total,6.8,40
683,144,2020,total,15.5,274
683,536,2020,total,10.8,13182
683,34,2020,total,6.8,61
683,234,2020,total,8.9,941
683,568,2020,total,12.9,9163
683,343,2020,total,14.0,337
683,405,2020,total,13.7,267
683,94,2020,total,11.8,2336
683,452,2020,total,12.8,1463
683,253,2020,total,10.7,2445
683,206,2020,total,12.5,608
683,271,2020,total,8.3,424
683,285,2020,total,16.3,418
683,301,2020,total,19.0,358
683,500,2020,total,13.3,14512
683,957,2020,total,11.1,8551
683,394,2020,total,13.5,373
683,578,2020,total,11.1,3086
683,69,2020,total,12.8,166
683,408,2020,total,13.0,1604
683,346,2020,total,12.3,89
683,209,2020,total,11.2,104
683,288,2020,total,9.3,937
683,514,2020,total,10.6,3554
683,732,2020,total,13.1,1271
683,427,2020,total,20.1,835
683,231,2020,total,11.9,527
683,141,2020,total,12.4,564
683,111,2020,total,13.3,119
683,18,2020,total,18.4,178
683,340,2020,total,7.4,79
683,903,2020,total,12.2,60673
683,295,2020,total,13.2,319
683,445,2020,total,10.4,752
683,216,2020,total,9.1,300
683,250,2020,total,11.9,311
683,554,2020,total,15.6,1439
683,48,2020,total,14.6,227
683,376,2020,total,13.1,497
683,421,2020,total,11.8,293
683,361,2020,total,14.7,265
683,237,2020,total,12.4,577
683,76,2020,total,4.8,126
683,318,2020,total,14.6,306
683,530,2020,total,13.2,3310
683,575,2020,total,10.5,1141
683,834,2020,total,11.2,43918
683,397,2020,total,11.8,893
683,97,2020,total,10.3,1801
683,213,2020,total,10.2,322
683,52,2020,total,11.1,678
683,551,2020,total,12.7,9338
683,728,2020,total,6.1,1025
683,517,2020,total,11.6,4392
683,596,2020,total,6.0,396
683,107,2020,total,13.8,747
683,961,2020,total,10.6,5988
683,186,2020,total,13.3,1066
683,77,2020,total,16.7,519
683,491,2020,total,12.3,12376
683,187,2020,total,12.0,1198
683,60,2020,total,12.3,1530
683,232,2020,total,12.7,137
683,264,2020,total,14.3,301
683,506,2020,total,6.1,1025
683,585,2020,total,12.3,2791
683,797,2020,total,14.4,2184
683,842,2020,total,11.7,88298
683,208,2020,total,12.1,65
683,114,2020,total,6.5,366
683,4,2020,total,11.6,161
683,904,2020,total,13.1,59905
683,226,2020,total,16.6,229
683,164,2020,total,14.6,1861
683,591,2020,total,13.1,685
683,959,2020,total,13.1,11177
683,499,2020,total,12.0,17636
683,303,2020,total,10.9,348
683,406,2020,total,10.2,3365
683,152,2020,total,13.2,6618
683,562,2020,total,13.0,967
683,960,2020,total,8.5,26975
683,382,2020,total,12.4,227
683,108,2020,total,14.4,378
683,550,2020,total,14.2,4621
683,444,2020,total,14.6,410
683,36,2020,total,10.2,557
683,22,2020,total,10.3,577
683,524,2020,total,14.2,1629
683,612,2020,total,11.9,16013
683,126,2020,total,13.1,830
683,175,2020,total,6.7,11
683,220,2020,total,13.2,162
683,387,2020,total,12.7,187
683,95,2020,total,12.0,848
683,269,2020,total,16.2,662
683,252,2020,total,15.1,976
683,601,2020,total,11.1,29563
683,629,2020,total,9.5,80802
683,556,2020,total,13.1,9108
683,54,2020,total,16.9,279
683,836,2020,total,11.8,77769
683,349,2020,total,13.6,137
683,971,2020,total,9.7,8995
683,83,2020,total,14.8,174
683,193,2020,total,10.1,1188
683,350,2020,total,15.3,423
683,848,2020,total,10.9,52913
683,282,2020,total,13.5,1566
683,66,2020,total,11.7,507
683,399,2020,total,16.7,281
683,321,2020,total,14.0,214
683,294,2020,total,10.7,3051
683,157,2020,total,11.6,192
683,202,2020,total,12.2,3341
683,493,2020,total,10.8,13182
683,414,2020,total,14.5,1918
683,356,2020,total,12.3,156
683,613,2020,total,13.3,14512
683,238,2020,total,11.1,128
683,221,2020,total,11.2,588
683,574,2020,total,10.0,5606
683,163,2020,total,13.6,314
683,375,2020,total,13.6,153
683,30,2020,total,13.3,92
683,420,2020,total,19.0,282
683,28,2020,total,14.3,563
683,972,2020,total,13.8,13139
683,84,2020,total,14.6,607
683,835,2020,total,13.6,43892
683,5,2020,total,13.7,929
683,121,2020,total,9.9,857
683,257,2020,total,11.2,1068
683,139,2020,total,16.1,125
683,854,2020,total,9.6,355
683,320,2020,total,13.0,311
683,518,2020,total,10.7,18612
683,597,2020,total,6.1,542
683,549,2020,total,13.8,2173
683,53,2020,total,13.2,185
683,319,2020,total,14.0,160
683,398,2020,total,13.9,435
683,233,2020,total,10.1,140
683,965,2020,total,12.0,17636
683,293,2020,total,9.9,270
683,263,2020,total,16.6,689
683,567,2020,total,14.1,1868
683,338,2020,total,18.3,469
683,618,2020,total,12.2,4327
683,432,2020,total,12.3,555
683,65,2020,total,11.1,1882
683,381,2020,total,17.2,191
683,314,2020,total,14.4,342
683,847,2020,total,12.2,59369
683,182,2020,total,15.9,918
683,145,2020,total,11.4,867
683,543,2020,total,11.5,3019
683,498,2020,total,13.8,13139
683,115,2020,total,10.7,246
683,344,2020,total,13.5,2893
683,59,2020,total,12.5,639
683,449,2020,total,10.9,163
683,302,2020,total,15.1,249
683,393,2020,total,11.9,2567
683,103,2020,total,14.7,122
683,23,2020,total,13.7,199
683,592,2020,total,15.5,1815
683,606,2020,total,12.6,12802
683,501,2020,total,9.7,8995
683,11,2020,total,9.7,263
683,977,2020,total,10.5,13737
683,368,2020,total,13.3,740
683,35,2020,total,13.0,407
683,579,2020,total,10.3,11884
683,290,2021,total,16.2,458
683,352,2021,total,13.8,270
683,320,2021,total,13.4,316
683,369,2021,total,15.0,674
683,414,2021,total,15.0,1985
683,962,2021,total,12.6,5543
683,305,2021,total,15.1,503
683,181,2021,total,13.0,217
683,9,2021,total,11.6,632
683,228,2021,total,12.0,3695
683,384,2021,total,15.0,442
683,523,2021,total,11.9,9171
683,24,2021,total,7.4,107
683,493,2021,total,11.1,13638
683,838,2021,total,12.6,12930
683,570,2021,total,14.6,1844
683,88,2021,total,12.8,1693
683,116,2021,total,17.7,268
683,541,2021,total,11.1,5598
683,38,2021,total,14.2,283
683,603,2021,total,12.6,12728
683,526,2021,total,12.1,3134
683,53,2021,total,13.4,188
683,102,2021,total,15.3,461
683,449,2021,total,11.3,168
683,257,2021,total,11.4,1088
683,195,2021,total,16.0,997
683,850,2021,total,6.4,1089
683,272,2021,total,10.3,71
683,334,2021,total,16.3,263
683,617,2021,total,12.6,5543
683,835,2021,total,13.9,44836
683,243,2021,total,13.7,442
683,166,2021,total,13.6,100
683,505,2021,total,12.6,12930
683,323,2021,total,11.8,1902
683,27,2021,total,6.1,18
683,976,2021,total,11.7,14981
683,59,2021,total,12.9,665
683,794,2021,total,10.0,952
683,584,2021,total,15.1,2335
683,85,2021,total,10.8,7295
683,355,2021,total,12.9,665
683,614,2021,total,9.9,8866
683,965,2021,total,12.2,18092
683,400,2021,total,9.6,73
683,432,2021,total,12.8,577
683,177,2021,total,10.5,7073
683,558,2021,total,15.6,1807
683,35,2021,total,13.2,413
683,148,2021,total,11.1,140
683,606,2021,total,13.0,13160
683,968,2021,total,12.6,12930
683,331,2021,total,9.9,343
683,587,2021,total,13.5,1995
683,403,2021,total,6.9,283
683,973,2021,total,11.8,24499
683,198,2021,total,9.9,1096
683,119,2021,total,11.0,512
683,302,2021,total,15.3,253
683,381,2021,total,17.9,198
683,611,2021,total,14.0,19584
683,110,2021,total,14.3,219
683,502,2021,total,11.9,4322
683,581,2021,total,13.7,1885
683,200,2021,total,9.6,386
683,45,2021,total,15.6,372
683,489,2021,total,11.2,29967
683,264,2021,total,14.8,309
683,609,2021,total,13.2,8150
683,519,2021,total,12.1,2293
683,60,2021,total,12.6,1563
683,174,2021,total,15.1,223
683,797,2021,total,14.9,2262
683,127,2021,total,17.5,220
683,192,2021,total,5.5,61
683,373,2021,total,10.2,302
683,842,2021,total,12.0,90843
683,970,2021,total,12.2,33802
683,421,2021,total,11.8,296
683,435,2021,total,4.4,12
683,845,2021,total,10.2,118281
683,48,2021,total,15.4,238
683,363,2021,total,7.3,46
683,547,2021,total,14.1,3744
683,516,2021,total,10.0,1402
683,348,2021,total,13.0,302
683,63,2021,total,13.0,850
683,490,2021,total,11.7,14981
683,499,2021,total,12.2,18092
683,562,2021,total,13.1,964
683,82,2021,total,15.9,519
683,152,2021,total,13.5,6774
683,261,2021,total,10.2,9816
683,520,2021,total,13.4,2713
683,370,2021,total,13.3,368
683,417,2021,total,15.0,214
683,342,2021,total,12.1,227
683,297,2021,total,9.6,111
683,113,2021,total,14.5,1385
683,282,2021,total,14.1,1620
683,387,2021,total,12.1,177
683,239,2021,total,11.3,1300
683,451,2021,total,16.0,577
683,21,2021,total,10.7,740
683,66,2021,total,12.1,531
683,496,2021,total,13.4,11377
683,99,2021,total,14.6,539
683,206,2021,total,12.9,630
683,285,2021,total,16.4,420
683,312,2021,total,13.5,1869
683,577,2021,total,13.0,1097
683,78,2021,total,13.9,436
683,848,2021,total,11.1,54178
683,43,2021,total,12.2,602
683,153,2021,total,11.1,480
683,504,2021,total,12.6,5543
683,75,2021,total,13.2,422
683,247,2021,total,16.2,847
683,427,2021,total,20.6,849
683,975,2021,total,11.1,13638
683,551,2021,total,13.0,9627
683,112,2021,total,14.9,1172
683,966,2021,total,11.2,12164
683,371,2021,total,12.9,561
683,583,2021,total,15.6,1204
683,388,2021,total,11.4,1355
683,902,2021,total,11.0,55207
683,568,2021,total,13.0,9294
683,20,2021,total,8.4,11733
683,253,2021,total,10.9,2518
683,224,2021,total,13.5,277
683,404,2021,total,12.0,1142
683,510,2021,total,9.5,75113
683,607,2021,total,11.3,8693
683,19,2021,total,14.0,167
683,327,2021,total,12.2,3893
683,330,2021,total,13.5,401
683,135,2021,total,15.6,1102
683,171,2021,total,14.7,125
683,394,2021,total,13.6,376
683,212,2021,total,8.0,172
683,209,2021,total,10.7,100
683,545,2021,total,12.6,5412
683,288,2021,total,9.6,990
683,961,2021,total,10.7,6112
683,445,2021,total,10.6,782
683,595,2021,total,12.3,1269
683,141,2021,total,12.4,565
683,610,2021,total,14.0,13358
683,55,2021,total,11.3,2962
683,798,2021,total,15.3,504
683,837,2021,total,11.9,30042
683,843,2021,total,12.9,92130
683,61,2021,total,11.4,490
683,173,2021,total,12.6,353
683,494,2021,total,13.0,13160
683,310,2021,total,15.0,621
683,191,2021,total,11.1,198
683,283,2021,total,15.5,460
683,602,2021,total,11.7,14981
683,376,2021,total,12.6,479
683,359,2021,total,11.7,746
683,93,2021,total,17.2,342
683,271,2021,total,8.4,431
683,258,2021,total,12.1,94
683,563,2021,total,12.8,1693
683,347,2021,total,11.8,3762
683,242,2021,total,10.5,1291
683,260,2021,total,15.6,646
683,13,2021,total,6.7,21
683,793,2021,total,10.0,450
683,521,2021,total,10.5,4169
683,92,2021,total,10.4,2004
683,204,2021,total,13.8,1362
683,615,2021,total,11.8,4899
683,142,2021,total,11.1,2764
683,540,2021,total,12.5,6386
683,296,2021,total,13.4,667
683,495,2021,total,11.3,8693
683,100,2021,total,14.3,1114
683,849,2021,total,12.1,47294
683,389,2021,total,10.9,10302
683,358,2021,total,16.8,443
683,178,2021,total,11.6,524
683,967,2021,total,13.0,13160
683,588,2021,total,12.2,3548
683,974,2021,total,14.1,20101
683,32,2021,total,12.9,93
683,241,2021,total,13.2,687
683,576,2021,total,8.9,2303
683,901,2021,total,10.2,118281
683,74,2021,total,12.7,4968
683,154,2021,total,9.9,364
683,184,2021,total,11.1,4443
683,383,2021,total,13.4,435
683,503,2021,total,11.8,24499
683,488,2021,total,9.6,82790
683,259,2021,total,13.9,797
683,304,2021,total,15.4,282
683,353,2021,total,9.1,1103
683,582,2021,total,13.9,2563
683,608,2021,total,14.1,3744
683,539,2021,total,13.5,6774
683,235,2021,total,10.4,575
683,552,2021,total,16.2,796
683,265,2021,total,11.3,680
683,25,2021,total,14.6,1539
683,160,2021,total,9.2,20
683,37,2021,total,13.3,573
683,2,2021,total,13.6,776
683,527,2021,total,13.7,2796
683,117,2021,total,13.2,1620
683,422,2021,total,11.0,207
683,328,2021,total,12.4,438
683,223,2021,total,15.2,81
683,62,2021,total,14.5,652
683,699,2021,total,7.0,94
683,49,2021,total,10.4,1432
683,196,2021,total,18.1,85
683,515,2021,total,12.4,1380
683,594,2021,total,11.2,962
683,316,2021,total,13.6,306
683,596,2021,total,6.5,432
683,658,2021,total,11.5,346211
683,564,2021,total,13.5,1767
683,15,2021,total,7.1,41
683,30,2021,total,13.5,94
683,549,2021,total,14.2,2221
683,517,2021,total,11.8,4478
683,844,2021,total,6.4,1089
683,157,2021,total,12.5,205
683,219,2021,total,6.5,432
683,799,2021,total,10.4,2668
683,202,2021,total,12.6,3484
683,266,2021,total,16.1,352
683,311,2021,total,13.0,626
683,234,2021,total,9.3,997
683,375,2021,total,13.2,151
683,269,2021,total,16.4,667
683,847,2021,total,12.5,61268
683,284,2021,total,9.7,1053
683,346,2021,total,12.2,87
683,408,2021,total,13.4,1661
683,361,2021,total,14.6,261
683,94,2021,total,11.9,2336
683,452,2021,total,13.2,1494
683,500,2021,total,13.5,14738
683,578,2021,total,11.5,3225
683,423,2021,total,14.7,321
683,65,2021,total,11.5,1936
683,514,2021,total,10.7,3629
683,44,2021,total,12.6,1610
683,139,2021,total,16.5,124
683,550,2021,total,14.6,4711
683,216,2021,total,9.2,301
683,567,2021,total,14.3,1897
683,76,2021,total,4.9,134
683,107,2021,total,14.0,764
683,186,2021,total,13.6,1091
683,903,2021,total,12.5,62657
683,732,2021,total,13.7,1335
683,721,2021,total,15.5,2925
683,263,2021,total,17.0,704
683,959,2021,total,13.4,11377
683,111,2021,total,13.7,121
683,295,2021,total,13.3,319
683,340,2021,total,6.9,74
683,420,2021,total,18.8,274
683,97,2021,total,10.8,1911
683,161,2021,total,13.0,8076
683,4,2021,total,12.4,174
683,208,2021,total,13.3,72
683,314,2021,total,14.9,351
683,343,2021,total,13.9,329
683,498,2021,total,14.0,13358
683,68,2021,total,9.5,324
683,237,2021,total,12.6,587
683,393,2021,total,12.0,2622
683,136,2021,total,10.8,395
683,18,2021,total,18.4,177
683,575,2021,total,10.7,1160
683,956,2021,total,6.4,1089
683,382,2021,total,13.3,240
683,444,2021,total,14.6,406
683,960,2021,total,8.6,27306
683,213,2021,total,10.4,326
683,354,2021,total,9.6,349
683,399,2021,total,17.5,287
683,491,2021,total,12.6,12728
683,54,2021,total,17.1,277
683,553,2021,total,15.5,3499
683,26,2021,total,7.5,24
683,39,2021,total,10.6,574
683,73,2021,total,13.1,1272
683,339,2021,total,11.6,3739
683,36,2021,total,10.5,569
683,528,2021,total,15.7,1539
683,727,2021,total,11.5,343949
683,833,2021,total,10.4,131009
683,572,2021,total,14.0,1703
683,620,2021,total,6.4,1089
683,255,2021,total,10.0,559
683,601,2021,total,11.3,30271
683,164,2021,total,14.7,1867
683,210,2021,total,8.5,21
683,303,2021,total,10.7,344
683,197,2021,total,16.3,1247
683,317,2021,total,10.0,2284
683,619,2021,total,12.7,8527
683,698,2021,total,13.9,2117
683,291,2021,total,14.9,200
683,118,2021,total,16.1,854
683,183,2021,total,14.8,285
683,321,2021,total,14.1,213
683,535,2021,total,15.0,2566
683,29,2021,total,16.0,575
683,12,2021,total,12.2,262
683,122,2021,total,11.7,2260
683,430,2021,total,14.8,266
683,70,2021,total,12.3,339
683,231,2021,total,12.2,542
683,336,2021,total,12.1,734
683,91,2021,total,10.7,2482
683,357,2021,total,13.1,739
683,402,2021,total,12.3,231
683,839,2021,total,6.4,1089
683,248,2021,total,11.6,2200
683,586,2021,total,12.3,1466
683,87,2021,total,15.9,174
683,963,2021,total,12.6,12728
683,57,2021,total,11.4,696
683,143,2021,total,10.7,255
683,978,2021,total,11.2,29967
683,604,2021,total,12.2,35191
683,252,2021,total,15.3,982
683,589,2021,total,12.3,4199
683,405,2021,total,13.8,266
683,179,2021,total,11.2,546
683,556,2021,total,13.3,9322
683,300,2021,total,16.1,304
683,590,2021,total,12.3,3997
683,101,2021,total,15.4,143
683,616,2021,total,11.8,24286
683,836,2021,total,12.1,80184
683,167,2021,total,12.0,1134
683,273,2021,total,11.7,283
683,33,2021,total,11.6,1492
683,378,2021,total,11.4,12956
683,536,2021,total,11.1,13638
683,840,2021,total,9.6,82790
683,397,2021,total,12.1,912
683,795,2021,total,14.7,971
683,28,2021,total,14.0,549
683,138,2021,total,14.4,711
683,356,2021,total,12.7,160
683,294,2021,total,10.8,3100
683,11,2021,total,10.6,289
683,144,2021,total,15.5,273
683,613,2021,total,13.5,14738
683,497,2021,total,14.1,20101
683,238,2021,total,11.2,129
683,559,2021,total,15.9,2229
683,69,2021,total,12.6,163
683,574,2021,total,10.2,5767
683,84,2021,total,14.6,601
683,560,2021,total,11.1,10235
683,905,2021,total,12.1,47658
683,150,2021,total,13.4,198
683,957,2021,total,11.3,8693
683,34,2021,total,6.7,61
683,121,2021,total,10.0,890
683,5,2021,total,14.2,954
683,301,2021,total,18.9,349
683,969,2021,total,9.4,23147
683,972,2021,total,14.0,13358
683,351,2021,total,13.3,1551
683,338,2021,total,19.0,483
683,368,2021,total,13.2,728
683,306,2021,total,14.8,125
683,182,2021,total,16.4,945
683,156,2021,total,11.2,641
683,201,2021,total,11.8,816
683,854,2021,total,9.9,365
683,554,2021,total,16.0,1468
683,385,2021,total,15.9,282
683,233,2021,total,10.4,145
683,250,2021,total,11.9,309
683,221,2021,total,11.1,593
683,52,2021,total,11.4,696
683,728,2021,total,6.4,1089
683,846,2021,total,13.3,62928
683,23,2021,total,14.8,216
683,280,2021,total,13.9,301
683,115,2021,total,11.4,262
683,525,2021,total,12.4,6798
683,132,2021,total,12.7,129
683,530,2021,total,13.7,3455
683,592,2021,total,15.6,1814
683,318,2021,total,15.3,322
683,501,2021,total,9.9,9230
683,292,2021,total,11.5,5506
683,618,2021,total,12.4,4403
683,834,2021,total,11.4,44948
683,103,2021,total,15.3,127
683,64,2021,total,16.3,582
683,977,2021,total,10.6,14061
683,307,2021,total,11.2,140
683,108,2021,total,15.4,401
683,58,2021,total,12.5,4952
683,579,2021,total,10.4,12204
683,232,2021,total,13.1,137
683,187,2021,total,12.3,1243
683,904,2021,total,13.4,61235
683,448,2021,total,12.6,2203
683,431,2021,total,15.0,319
683,506,2021,total,6.4,1089
683,964,2021,total,11.9,4322
683,585,2021,total,12.4,2842
683,406,2021,total,10.3,3440
683,344,2021,total,13.8,2955
683,543,2021,total,11.8,3095
683,207,2021,total,12.3,1163
683,145,2021,total,11.6,903
683,114,2021,total,6.6,378
683,133,2021,total,9.0,1945
683,313,2021,total,11.7,1649
683,392,2021,total,16.2,288
683,22,2021,total,10.5,584
683,591,2021,total,13.2,689
683,77,2021,total,16.7,517
683,425,2021,total,11.2,1826
683,605,2021,total,11.1,13878
683,226,2021,total,16.7,230
683,274,2021,total,12.8,168
683,531,2021,total,11.5,24125
683,413,2021,total,10.4,11801
683,398,2021,total,14.8,459
683,612,2021,total,12.2,16399
683,629,2021,total,9.6,82550
683,46,2021,total,8.6,27306
683,597,2021,total,6.2,563
683,293,2021,total,10.2,280
683,319,2021,total,14.7,166
683,492,2021,total,12.2,33802
683,518,2021,total,10.9,19081
683,524,2021,total,14.4,1641
683,193,2021,total,10.5,1250
683,220,2021,total,13.8,171
683,796,2021,total,10.5,1775
683,841,2021,total,11.7,78186
683,126,2021,total,13.1,827
683,325,2021,total,12.6,114
683,175,2021,total,9.5,15
683,374,2021,total,13.3,332
683,163,2021,total,13.5,313
683,958,2021,total,13.5,14738
683,268,2021,total,11.8,405
683,349,2021,total,13.6,134
683,561,2021,total,13.8,508
683,971,2021,total,9.9,9230
683,83,2021,total,14.4,168
683,151,2021,total,12.8,4001
683,95,2021,total,12.1,857
683,350,2021,total,14.8,412
683,562,2022,total,13.4,972
683,530,2022,total,13.8,3506
683,547,2022,total,14.3,3754
683,609,2022,total,13.5,8281
683,594,2022,total,11.3,981
683,515,2022,total,12.5,1392
683,108,2022,total,15.3,389
683,187,2022,total,12.3,1254
683,232,2022,total,13.1,135
683,579,2022,total,10.6,12626
683,200,2022,total,9.6,394
683,63,2022,total,13.1,855
683,296,2022,total,14.1,700
683,358,2022,total,16.9,439
683,92,2022,total,10.3,2004
683,373,2022,total,10.5,310
683,797,2022,total,15.0,2279
683,126,2022,total,13.4,837
683,282,2022,total,14.5,1652
683,48,2022,total,15.1,230
683,421,2022,total,12.1,307
683,13,2022,total,7.0,22
683,406,2022,total,10.5,3520
683,499,2022,total,12.4,18417
683,77,2022,total,16.7,513
683,344,2022,total,14.0,2981
683,591,2022,total,13.2,684
683,845,2022,total,10.3,120451
683,435,2022,total,4.9,13
683,394,2022,total,13.3,371
683,518,2022,total,10.9,19360
683,576,2022,total,9.1,2360
683,184,2022,total,11.2,4509
683,597,2022,total,6.5,591
683,901,2022,total,10.3,120451
683,66,2022,total,12.4,551
683,261,2022,total,10.5,10188
683,957,2022,total,11.5,8784
683,488,2022,total,9.6,84282
683,293,2022,total,10.0,277
683,370,2022,total,14.0,379
683,235,2022,total,10.4,578
683,417,2022,total,14.8,210
683,312,2022,total,14.1,1943
683,264,2022,total,15.4,316
683,95,2022,total,12.0,856
683,848,2022,total,11.3,55077
683,568,2022,total,13.1,9378
683,74,2022,total,12.9,5084
683,2,2022,total,14.2,800
683,496,2022,total,13.6,11522
683,904,2022,total,13.6,62405
683,285,2022,total,16.5,416
683,45,2022,total,15.7,370
683,206,2022,total,13.6,660
683,166,2022,total,13.6,100
683,838,2022,total,12.8,13097
683,320,2022,total,13.1,309
683,414,2022,total,15.8,2076
683,962,2022,total,12.7,5530
683,20,2022,total,8.4,12034
683,504,2022,total,12.7,5530
683,583,2022,total,15.8,1220
683,84,2022,total,14.9,605
683,975,2022,total,11.5,14110
683,305,2022,total,15.2,497
683,384,2022,total,15.3,443
683,387,2022,total,12.6,186
683,493,2022,total,11.5,14110
683,449,2022,total,11.9,176
683,112,2022,total,15.2,1189
683,19,2022,total,14.9,178
683,586,2022,total,12.3,1472
683,965,2022,total,12.4,18417
683,613,2022,total,13.6,14830
683,5,2022,total,14.3,957
683,224,2022,total,14.1,283
683,603,2022,total,12.9,13036
683,541,2022,total,11.2,5661
683,238,2022,total,11.2,127
683,330,2022,total,14.1,418
683,501,2022,total,10.1,9443
683,197,2022,total,16.7,1256
683,242,2022,total,10.4,1307
683,152,2022,total,13.8,6842
683,347,2022,total,11.9,3835
683,118,2022,total,16.3,847
683,381,2022,total,18.2,201
683,972,2022,total,14.3,13623
683,257,2022,total,11.9,1138
683,302,2022,total,15.7,256
683,794,2022,total,10.1,967
683,191,2022,total,11.2,199
683,368,2022,total,13.0,707
683,323,2022,total,12.0,1936
683,351,2022,total,13.6,1591
683,606,2022,total,13.2,13275
683,490,2022,total,11.9,15240
683,38,2022,total,15.1,296
683,23,2022,total,14.4,207
683,610,2022,total,14.3,13623
683,173,2022,total,12.9,357
683,525,2022,total,12.7,6983
683,968,2022,total,12.8,13097
683,35,2022,total,13.3,412
683,842,2022,total,12.2,92751
683,221,2022,total,11.5,614
683,60,2022,total,13.0,1597
683,432,2022,total,13.2,588
683,558,2022,total,15.9,1824
683,148,2022,total,11.5,143
683,115,2022,total,11.8,277
683,59,2022,total,13.1,680
683,973,2022,total,12.0,25183
683,136,2022,total,10.7,398
683,502,2022,total,12.1,4436
683,519,2022,total,12.2,2317
683,363,2022,total,7.8,48
683,73,2022,total,13.6,1330
683,183,2022,total,15.0,288
683,316,2022,total,13.6,305
683,849,2022,total,12.3,48246
683,260,2022,total,15.5,634
683,581,2022,total,14.3,1957
683,793,2022,total,9.9,447
683,110,2022,total,13.9,208
683,402,2022,total,12.2,232
683,32,2022,total,12.4,88
683,340,2022,total,7.0,75
683,495,2022,total,11.5,8784
683,160,2022,total,9.7,21
683,339,2022,total,11.8,3807
683,619,2022,total,12.9,8648
683,44,2022,total,12.9,1636
683,29,2022,total,16.0,574
683,620,2022,total,6.5,1127
683,389,2022,total,10.9,10449
683,967,2022,total,13.2,13275
683,272,2022,total,11.4,78
683,304,2022,total,15.3,280
683,259,2022,total,14.2,819
683,210,2022,total,9.1,22
683,12,2022,total,12.5,274
683,122,2022,total,11.7,2311
683,698,2022,total,14.3,2158
683,514,2022,total,10.9,3695
683,154,2022,total,10.6,388
683,520,2022,total,13.5,2735
683,978,2022,total,11.3,30394
683,383,2022,total,13.1,418
683,552,2022,total,17.2,831
683,171,2022,total,13.9,117
683,608,2022,total,14.3,3754
683,49,2022,total,10.8,1499
683,357,2022,total,13.6,761
683,78,2022,total,14.7,452
683,142,2022,total,11.3,2844
683,844,2022,total,6.5,1127
683,540,2022,total,12.7,6433
683,91,2022,total,10.8,2529
683,451,2022,total,15.7,562
683,239,2022,total,11.4,1315
683,290,2022,total,16.6,465
683,422,2022,total,10.8,202
683,539,2022,total,13.8,6842
683,328,2022,total,12.9,453
683,62,2022,total,14.8,658
683,288,2022,total,9.8,1033
683,228,2022,total,12.3,3786
683,24,2022,total,7.4,106
683,545,2022,total,12.9,5511
683,699,2022,total,7.0,94
683,209,2022,total,10.8,103
683,37,2022,total,13.1,561
683,352,2022,total,13.8,268
683,97,2022,total,11.1,1991
683,153,2022,total,11.2,479
683,408,2022,total,13.4,1672
683,369,2022,total,15.3,682
683,607,2022,total,11.5,8784
683,427,2022,total,20.7,846
683,551,2022,total,13.3,9933
683,265,2022,total,11.2,685
683,371,2022,total,13.4,574
683,327,2022,total,12.3,3972
683,570,2022,total,14.6,1825
683,843,2022,total,13.2,93995
683,234,2022,total,9.5,1030
683,253,2022,total,11.1,2616
683,346,2022,total,12.1,85
683,61,2022,total,12.2,521
683,116,2022,total,17.8,263
683,195,2022,total,16.1,998
683,526,2022,total,12.4,3222
683,452,2022,total,13.6,1531
683,334,2022,total,16.6,261
683,55,2022,total,11.4,3006
683,563,2022,total,13.4,1761
683,850,2022,total,6.5,1127
683,135,2022,total,16.0,1120
683,216,2022,total,9.5,312
683,445,2022,total,11.0,824
683,85,2022,total,10.9,7489
683,141,2022,total,12.3,556
683,837,2022,total,12.1,30713
683,732,2022,total,13.9,1371
683,961,2022,total,10.8,6231
683,295,2022,total,13.6,316
683,310,2022,total,15.2,628
683,204,2022,total,14.0,1371
683,403,2022,total,7.1,290
683,388,2022,total,11.9,1420
683,798,2022,total,15.8,513
683,18,2022,total,17.7,167
683,111,2022,total,14.4,126
683,614,2022,total,10.1,9055
683,494,2022,total,13.2,13275
683,177,2022,total,10.9,7318
683,283,2022,total,15.7,452
683,43,2022,total,12.7,626
683,575,2022,total,11.1,1189
683,587,2022,total,13.6,1965
683,376,2022,total,12.7,478
683,602,2022,total,11.9,15240
683,271,2022,total,8.5,435
683,196,2022,total,18.1,83
683,258,2022,total,13.8,106
683,303,2022,total,10.5,341
683,273,2022,total,12.0,290
683,241,2022,total,13.6,699
683,39,2022,total,10.8,589
683,226,2022,total,16.7,224
683,350,2022,total,14.8,412
683,444,2022,total,14.3,394
683,727,2022,total,11.6,350627
683,399,2022,total,18.2,293
683,382,2022,total,12.9,231
683,521,2022,total,10.8,4295
683,977,2022,total,10.7,14378
683,960,2022,total,8.6,27646
683,54,2022,total,17.2,271
683,491,2022,total,12.9,13036
683,836,2022,total,12.2,81947
683,22,2022,total,10.9,610
683,601,2022,total,11.4,30697
683,615,2022,total,12.1,5044
683,524,2022,total,14.7,1668
683,114,2022,total,6.8,395
683,553,2022,total,16.0,3587
683,291,2022,total,15.2,200
683,833,2022,total,10.5,133487
683,100,2022,total,14.6,1135
683,193,2022,total,10.8,1314
683,164,2022,total,14.8,1855
683,255,2022,total,10.4,584
683,178,2022,total,11.6,517
683,588,2022,total,12.3,3565
683,150,2022,total,13.8,204
683,349,2022,total,14.9,143
683,974,2022,total,14.4,20604
683,839,2022,total,6.5,1127
683,57,2022,total,11.7,720
683,167,2022,total,11.9,1132
683,25,2022,total,14.8,1552
683,612,2022,total,12.3,16656
683,321,2022,total,14.6,220
683,535,2022,total,15.2,2582
683,963,2022,total,12.9,13036
683,83,2022,total,15.1,174
683,430,2022,total,15.3,271
683,36,2022,total,10.6,575
683,503,2022,total,12.0,25183
683,582,2022,total,14.3,2635
683,353,2022,total,9.2,1144
683,585,2022,total,12.6,2881
683,966,2022,total,11.2,12368
683,33,2022,total,11.8,1525
683,175,2022,total,8.7,14
683,223,2022,total,14.8,79
683,506,2022,total,6.5,1127
683,604,2022,total,12.4,36279
683,252,2022,total,15.9,1005
683,300,2022,total,16.2,303
683,117,2022,total,13.4,1621
683,527,2022,total,13.9,2831
683,971,2022,total,10.1,9443
683,28,2022,total,14.3,557
683,556,2022,total,13.6,9538
683,592,2022,total,16.0,1817
683,378,2022,total,11.6,13393
683,423,2022,total,15.6,334
683,577,2022,total,13.2,1114
683,956,2022,total,6.5,1127
683,11,2022,total,11.0,303
683,121,2022,total,10.1,923
683,658,2022,total,11.6,352995
683,247,2022,total,17.2,898
683,564,2022,total,13.9,1807
683,294,2022,total,10.9,3145
683,549,2022,total,14.6,2257
683,799,2022,total,10.5,2712
683,311,2022,total,12.9,618
683,143,2022,total,10.8,258
683,510,2022,total,9.5,76483
683,65,2022,total,11.7,1957
683,157,2022,total,13.0,211
683,847,2022,total,12.7,62687
683,342,2022,total,12.1,226
683,721,2022,total,15.5,2893
683,356,2022,total,12.5,152
683,269,2022,total,16.6,672
683,375,2022,total,13.3,154
683,75,2022,total,13.2,422
683,284,2022,total,9.8,1067
683,30,2022,total,13.3,93
683,905,2022,total,12.3,48634
683,574,2022,total,10.4,5894
683,404,2022,total,12.2,1159
683,212,2022,total,8.2,180
683,959,2022,total,13.6,11522
683,516,2022,total,10.1,1414
683,182,2022,total,16.8,967
683,103,2022,total,16.1,135
683,317,2022,total,10.2,2333
683,550,2022,total,14.9,4767
683,338,2022,total,19.7,491
683,567,2022,total,14.5,1909
683,595,2022,total,12.4,1283
683,854,2022,total,10.2,372
683,263,2022,total,18.1,743
683,139,2022,total,16.1,118
683,68,2022,total,9.8,341
683,93,2022,total,17.9,350
683,618,2022,total,12.7,4449
683,233,2022,total,10.6,147
683,266,2022,total,16.1,348
683,127,2022,total,17.8,222
683,161,2022,total,13.3,8342
683,902,2022,total,11.1,56119
683,498,2022,total,14.3,13623
683,314,2022,total,15.0,348
683,420,2022,total,19.3,276
683,208,2022,total,14.4,78
683,393,2022,total,11.8,2625
683,359,2022,total,11.9,759
683,26,2022,total,6.9,22
683,151,2022,total,13.0,4032
683,425,2022,total,11.3,1855
683,58,2022,total,12.7,5064
683,213,2022,total,10.4,321
683,348,2022,total,13.4,308
683,82,2022,total,16.6,531
683,192,2022,total,5.7,64
683,605,2022,total,11.5,14357
683,611,2022,total,14.4,20091
683,307,2022,total,11.4,144
683,292,2022,total,11.7,5603
683,354,2022,total,9.6,352
683,958,2022,total,13.6,14830
683,99,2022,total,14.8,540
683,489,2022,total,11.3,30394
683,174,2022,total,15.0,220
683,431,2022,total,14.6,311
683,584,2022,total,15.6,2392
683,145,2022,total,12.0,947
683,248,2022,total,12.1,2318
683,528,2022,total,15.9,1552
683,325,2022,total,13.2,115
683,543,2022,total,12.1,3123
683,572,2022,total,14.3,1718
683,903,2022,total,12.8,64145
683,207,2022,total,12.4,1180
683,313,2022,total,11.8,1672
683,133,2022,total,9.2,2010
683,392,2022,total,17.1,304
683,970,2022,total,12.4,34821
683,70,2022,total,12.4,337
683,87,2022,total,16.5,182
683,561,2022,total,14.6,530
683,835,2022,total,14.2,45749
683,531,2022,total,11.7,25023
683,21,2022,total,11.2,778
683,398,2022,total,14.9,463
683,413,2022,total,10.5,12067
683,841,2022,total,11.9,79599
683,796,2022,total,10.6,1796
683,336,2022,total,12.1,729
683,53,2022,total,14.3,203
683,231,2022,total,12.4,554
683,492,2022,total,12.4,34821
683,319,2022,total,16.2,177
683,113,2022,total,14.8,1399
683,202,2022,total,12.7,3524
683,297,2022,total,10.4,120
683,523,2022,total,12.1,9277
683,101,2022,total,15.7,141
683,589,2022,total,12.4,4277
683,179,2022,total,11.3,550
683,374,2022,total,13.9,340
683,405,2022,total,14.8,284
683,163,2022,total,13.5,306
683,590,2022,total,12.5,4055
683,268,2022,total,12.0,404
683,616,2022,total,12.0,24963
683,9,2022,total,11.9,650
683,318,2022,total,15.8,327
683,301,2022,total,18.7,340
683,88,2022,total,13.4,1761
683,119,2022,total,11.1,515
683,500,2022,total,13.6,14830
683,834,2022,total,11.5,45634
683,243,2022,total,14.0,446
683,198,2022,total,10.1,1135
683,536,2022,total,11.5,14110
683,596,2022,total,6.5,442
683,795,2022,total,15.0,978
683,840,2022,total,9.6,84282
683,69,2022,total,13.0,167
683,397,2022,total,12.3,922
683,52,2022,total,11.6,706
683,138,2022,total,14.7,715
683,280,2022,total,14.0,303
683,517,2022,total,12.1,4568
683,617,2022,total,12.7,5530
683,94,2022,total,11.9,2343
683,219,2022,total,6.5,442
683,400,2022,total,10.4,78
683,969,2022,total,9.5,23659
683,34,2022,total,6.8,63
683,220,2022,total,13.3,162
683,497,2022,total,14.4,20604
683,559,2022,total,16.3,2261
683,102,2022,total,15.8,478
683,15,2022,total,8.0,47
683,629,2022,total,9.6,84035
683,46,2022,total,8.6,27646
683,361,2022,total,14.7,258
683,560,2022,total,11.3,10454
683,181,2022,total,12.8,212
683,578,2022,total,11.8,3322
683,27,2022,total,5.1,15
683,274,2022,total,13.0,171
683,505,2022,total,12.8,13097
683,201,2022,total,12.0,827
683,728,2022,total,6.5,1127
683,976,2022,total,11.9,15240
683,306,2022,total,15.6,133
683,156,2022,total,11.5,647
683,385,2022,total,16.6,293
683,186,2022,total,13.5,1097
683,107,2022,total,14.3,777
683,64,2022,total,16.4,571
683,250,2022,total,11.9,311
683,448,2022,total,12.9,2289
683,343,2022,total,13.6,322
683,355,2022,total,12.8,654
683,144,2022,total,15.9,276
683,554,2022,total,16.4,1486
683,964,2022,total,12.1,4436
683,4,2022,total,12.9,180
683,237,2022,total,13.0,605
683,331,2022,total,9.9,352
683,846,2022,total,13.6,64166
683,76,2022,total,5.3,151
683,132,2022,total,13.7,137
683,52,2023,total,11.7,705
683,224,2023,total,14.1,281
683,69,2023,total,13.6,170
683,179,2023,total,11.3,554
683,301,2023,total,18.6,336
683,5,2023,total,14.3,947
683,318,2023,total,15.9,330
683,84,2023,total,15.0,605
683,115,2023,total,12.1,284
683,37,2023,total,13.4,577
683,271,2023,total,8.9,461
683,975,2023,total,12.1,14861
683,397,2023,total,12.3,927
683,20,2023,total,8.4,12348
683,288,2023,total,9.8,1049
683,209,2023,total,11.6,113
683,834,2023,total,11.7,46656
683,445,2023,total,11.0,836
683,613,2023,total,13.8,15148
683,536,2023,total,12.1,14861
683,383,2023,total,13.6,428
683,368,2023,total,13.3,720
683,961,2023,total,10.9,6343
683,551,2023,total,13.6,10241
683,87,2023,total,16.6,180
683,586,2023,total,12.7,1515
683,112,2023,total,15.3,1199
683,118,2023,total,16.8,864
683,330,2023,total,14.5,430
683,347,2023,total,12.1,3953
683,253,2023,total,11.4,2725
683,191,2023,total,11.1,197
683,728,2023,total,6.8,1191
683,23,2023,total,14.6,210
683,602,2023,total,12.2,15491
683,837,2023,total,12.3,31324
683,197,2023,total,17.3,1290
683,242,2023,total,10.4,1305
683,501,2023,total,10.3,9750
683,972,2023,total,14.6,13976
683,351,2023,total,13.7,1618
683,34,2023,total,7.6,72
683,274,2023,total,13.2,172
683,504,2023,total,12.9,5591
683,610,2023,total,14.6,13976
683,583,2023,total,15.9,1214
683,427,2023,total,20.6,831
683,26,2023,total,6.6,21
683,173,2023,total,13.6,371
683,525,2023,total,13.0,7159
683,55,2023,total,11.5,3076
683,250,2023,total,12.0,321
683,448,2023,total,13.0,2330
683,221,2023,total,11.6,624
683,964,2023,total,12.5,4584
683,144,2023,total,16.4,280
683,554,2023,total,16.5,1488
683,498,2023,total,14.6,13976
683,344,2023,total,14.2,3011
683,543,2023,total,12.3,3175
683,136,2023,total,11.0,413
683,579,2023,total,10.7,13044
683,95,2023,total,12.3,885
683,151,2023,total,13.1,4082
683,406,2023,total,10.7,3634
683,260,2023,total,15.4,634
683,515,2023,total,12.5,1379
683,594,2023,total,11.7,1020
683,605,2023,total,12.0,15107
683,44,2023,total,13.5,1697
683,126,2023,total,13.5,840
683,793,2023,total,10.3,460
683,841,2023,total,12.2,81700
683,263,2023,total,18.3,756
683,13,2023,total,5.8,18
683,77,2023,total,16.8,519
683,232,2023,total,13.5,137
683,967,2023,total,13.4,13414
683,296,2023,total,14.1,687
683,358,2023,total,17.3,446
683,389,2023,total,11.0,10656
683,92,2023,total,10.5,2093
683,58,2023,total,13.1,5214
683,325,2023,total,12.9,112
683,431,2023,total,14.2,299
683,495,2023,total,11.7,8962
683,608,2023,total,14.5,3785
683,238,2023,total,10.7,120
683,133,2023,total,9.2,2056
683,328,2023,total,12.9,449
683,259,2023,total,14.4,823
683,304,2023,total,15.7,287
683,19,2023,total,15.3,181
683,488,2023,total,9.7,86168
683,561,2023,total,15.1,540
683,576,2023,total,9.4,2458
683,184,2023,total,11.5,4636
683,597,2023,total,6.7,619
683,154,2023,total,11.0,404
683,202,2023,total,12.9,3584
683,796,2023,total,10.8,1817
683,539,2023,total,14.0,6908
683,108,2023,total,15.1,383
683,187,2023,total,12.5,1282
683,293,2023,total,10.6,299
683,413,2023,total,10.6,12424
683,904,2023,total,13.9,63778
683,62,2023,total,14.7,655
683,492,2023,total,12.5,35582
683,235,2023,total,11.0,627
683,518,2023,total,11.0,19823
683,2,2023,total,14.9,840
683,844,2023,total,6.8,1191
683,307,2023,total,12.3,153
683,74,2023,total,13.2,5236
683,540,2023,total,12.8,6506
683,346,2023,total,12.4,87
683,408,2023,total,13.5,1695
683,24,2023,total,7.5,110
683,314,2023,total,14.9,341
683,269,2023,total,16.4,658
683,393,2023,total,11.7,2667
683,526,2023,total,12.6,3290
683,228,2023,total,12.4,3830
683,18,2023,total,17.9,168
683,847,2023,total,12.9,64028
683,699,2023,total,7.1,95
683,320,2023,total,13.3,306
683,97,2023,total,11.3,2052
683,65,2023,total,12.1,2007
683,567,2023,total,14.8,1933
683,30,2023,total,13.2,92
683,352,2023,total,14.0,273
683,157,2023,total,13.1,211
683,414,2023,total,16.2,2126
683,582,2023,total,14.6,2700
683,503,2023,total,12.2,25733
683,449,2023,total,11.4,169
683,570,2023,total,14.6,1818
683,493,2023,total,12.1,14861
683,901,2023,total,10.4,123405
683,965,2023,total,12.6,18916
683,234,2023,total,9.8,1068
683,387,2023,total,12.5,183
683,452,2023,total,14.2,1601
683,606,2023,total,13.4,13414
683,375,2023,total,13.1,155
683,420,2023,total,19.1,271
683,959,2023,total,13.8,11641
683,85,2023,total,11.2,7772
683,334,2023,total,17.2,266
683,302,2023,total,15.2,250
683,381,2023,total,18.6,201
683,850,2023,total,6.8,1191
683,208,2023,total,14.9,81
683,152,2023,total,14.0,6908
683,257,2023,total,12.3,1178
683,521,2023,total,11.0,4380
683,60,2023,total,13.4,1655
683,550,2023,total,15.1,4822
683,216,2023,total,9.8,321
683,59,2023,total,13.1,678
683,111,2023,total,14.8,126
683,139,2023,total,16.2,116
683,444,2023,total,13.7,373
683,732,2023,total,14.2,1406
683,403,2023,total,7.7,317
683,549,2023,total,14.8,2281
683,587,2023,total,13.8,1978
683,295,2023,total,14.0,322
683,614,2023,total,10.3,9346
683,432,2023,total,13.6,595
683,842,2023,total,12.4,94887
683,620,2023,total,6.8,1191
683,239,2023,total,11.4,1333
683,177,2023,total,11.5,7788
683,575,2023,total,11.4,1213
683,836,2023,total,12.5,83980
683,54,2023,total,17.7,274
683,164,2023,total,15.0,1886
683,376,2023,total,12.9,485
683,421,2023,total,12.2,312
683,502,2023,total,12.5,4584
683,562,2023,total,13.5,977
683,258,2023,total,14.3,111
683,303,2023,total,10.7,346
683,363,2023,total,8.0,50
683,960,2023,total,8.6,28167
683,183,2023,total,15.5,292
683,382,2023,total,12.8,228
683,973,2023,total,12.2,25733
683,48,2023,total,14.9,226
683,339,2023,total,12.1,3938
683,321,2023,total,14.8,223
683,29,2023,total,15.8,565
683,110,2023,total,14.5,216
683,399,2023,total,18.5,296
683,520,2023,total,13.8,2801
683,141,2023,total,12.5,556
683,601,2023,total,11.5,31467
683,402,2023,total,12.3,235
683,340,2023,total,6.9,74
683,519,2023,total,12.4,2351
683,73,2023,total,13.7,1333
683,282,2023,total,14.7,1676
683,797,2023,total,15.1,2288
683,514,2023,total,11.0,3779
683,499,2023,total,12.6,18916
683,210,2023,total,9.0,22
683,116,2023,total,17.7,263
683,36,2023,total,10.6,571
683,195,2023,total,16.7,1026
683,394,2023,total,13.2,369
683,66,2023,total,12.7,571
683,848,2023,total,11.4,56406
683,122,2023,total,11.8,2367
683,698,2023,total,14.6,2180
683,619,2023,total,13.1,8890
683,581,2023,total,14.3,1944
683,369,2023,total,15.4,686
683,171,2023,total,14.6,120
683,370,2023,total,13.8,376
683,357,2023,total,13.6,765
683,556,2023,total,13.9,9784
683,966,2023,total,11.4,12705
683,264,2023,total,15.7,319
683,12,2023,total,12.3,273
683,91,2023,total,10.8,2605
683,252,2023,total,16.5,1032
683,978,2023,total,11.5,31165
683,568,2023,total,13.3,9637
683,451,2023,total,15.9,565
683,560,2023,total,11.5,10829
683,607,2023,total,11.7,8962
683,359,2023,total,12.1,768
683,404,2023,total,12.4,1171
683,969,2023,total,9.5,24162
683,592,2023,total,16.4,1847
683,78,2023,total,15.2,459
683,153,2023,total,11.6,489
683,545,2023,total,13.0,5575
683,121,2023,total,10.3,956
683,577,2023,total,13.5,1137
683,795,2023,total,15.1,980
683,46,2023,total,8.6,28167
683,201,2023,total,12.6,876
683,75,2023,total,13.3,420
683,61,2023,total,13.4,570
683,905,2023,total,12.5,49742
683,138,2023,total,14.7,712
683,294,2023,total,11.0,3230
683,280,2023,total,14.1,307
683,265,2023,total,11.1,684
683,327,2023,total,12.5,4098
683,371,2023,total,13.4,572
683,510,2023,total,9.6,78296
683,843,2023,total,13.4,96010
683,342,2023,total,12.1,229
683,356,2023,total,12.9,154
683,11,2023,total,11.1,303
683,574,2023,total,10.6,6079
683,103,2023,total,16.6,136
683,516,2023,total,10.6,1487
683,313,2023,total,11.9,1720
683,392,2023,total,17.5,305
683,497,2023,total,14.7,21055
683,64,2023,total,16.7,574
683,212,2023,total,8.1,180
683,563,2023,total,13.8,1810
683,846,2023,total,13.9,65588
683,182,2023,total,16.8,959
683,595,2023,total,12.6,1310
683,135,2023,total,16.7,1170
683,291,2023,total,15.4,199
683,902,2023,total,11.3,57495
683,156,2023,total,11.7,648
683,338,2023,total,20.0,495
683,233,2023,total,11.2,157
683,489,2023,total,11.5,31165
683,93,2023,total,18.2,352
683,854,2023,total,10.1,370
683,388,2023,total,12.5,1489
683,494,2023,total,13.4,13414
683,204,2023,total,14.3,1410
683,798,2023,total,16.1,516
683,43,2023,total,12.8,635
683,283,2023,total,15.9,451
683,310,2023,total,15.5,641
683,127,2023,total,18.0,222
683,22,2023,total,11.0,616
683,316,2023,total,13.9,307
683,849,2023,total,12.5,49338
683,100,2023,total,14.9,1147
683,117,2023,total,13.7,1640
683,588,2023,total,12.4,3613
683,207,2023,total,12.5,1176
683,958,2023,total,13.8,15148
683,35,2023,total,13.7,423
683,196,2023,total,19.6,88
683,241,2023,total,14.1,718
683,425,2023,total,11.5,1899
683,618,2023,total,13.0,4540
683,350,2023,total,15.5,431
683,226,2023,total,16.6,219
683,977,2023,total,10.7,14791
683,615,2023,total,12.5,5211
683,145,2023,total,12.2,975
683,524,2023,total,15.0,1693
683,114,2023,total,6.8,400
683,160,2023,total,10.9,23
683,25,2023,total,15.0,1569
683,422,2023,total,11.3,212
683,53,2023,total,14.5,206
683,163,2023,total,13.5,306
683,835,2023,total,14.4,46672
683,83,2023,total,15.4,175
683,268,2023,total,12.5,413
683,319,2023,total,16.4,176
683,178,2023,total,11.9,533
683,223,2023,total,14.7,78
683,49,2023,total,11.3,1578
683,272,2023,total,11.7,79
683,32,2023,total,12.3,86
683,349,2023,total,15.7,150
683,527,2023,total,14.0,2849
683,974,2023,total,14.7,21055
683,531,2023,total,11.8,25700
683,247,2023,total,17.1,907
683,353,2023,total,9.4,1185
683,962,2023,total,12.9,5591
683,290,2023,total,16.8,470
683,552,2023,total,17.6,833
683,612,2023,total,12.5,17106
683,398,2023,total,15.3,476
683,28,2023,total,14.6,563
683,142,2023,total,11.7,2959
683,374,2023,total,14.2,344
683,175,2023,total,9.8,16
683,585,2023,total,12.6,2917
683,506,2023,total,6.8,1191
683,956,2023,total,6.8,1191
683,102,2023,total,16.3,488
683,423,2023,total,15.7,336
683,971,2023,total,10.3,9750
683,284,2023,total,10.0,1096
683,558,2023,total,16.4,1870
683,603,2023,total,13.1,13298
683,361,2023,total,15.2,265
683,237,2023,total,13.5,633
683,517,2023,total,12.4,4703
683,9,2023,total,12.5,675
683,181,2023,total,12.5,203
683,33,2023,total,12.1,1560
683,166,2023,total,13.7,99
683,564,2023,total,14.5,1881
683,378,2023,total,11.7,13799
683,198,2023,total,10.4,1185
683,119,2023,total,11.6,537
683,243,2023,total,13.7,434
683,500,2023,total,13.8,15148
683,15,2023,total,8.1,48
683,261,2023,total,10.6,10546
683,629,2023,total,9.7,85922
683,323,2023,total,12.1,1979
683,658,2023,total,11.8,361307
683,400,2023,total,10.6,79
683,219,2023,total,6.9,477
683,596,2023,total,6.9,477
683,311,2023,total,13.2,633
683,838,2023,total,13.1,13430
683,143,2023,total,11.2,269
683,27,2023,total,5.8,18
683,541,2023,total,11.4,5787
683,799,2023,total,10.5,2714
683,721,2023,total,15.6,2879
683,220,2023,total,13.6,167
683,38,2023,total,16.0,309
683,148,2023,total,12.2,153
683,193,2023,total,10.8,1341
683,833,2023,total,10.6,136703
683,4,2023,total,12.7,177
683,435,2023,total,5.2,14
683,591,2023,total,13.3,681
683,68,2023,total,9.4,326
683,968,2023,total,13.1,13430
683,617,2023,total,12.9,5591
683,578,2023,total,12.2,3447
683,317,2023,total,10.4,2384
683,490,2023,total,12.2,15491
683,794,2023,total,10.7,1027
683,76,2023,total,5.5,160
683,384,2023,total,15.1,434
683,976,2023,total,12.2,15491
683,200,2023,total,9.9,413
683,305,2023,total,15.2,488
683,266,2023,total,16.2,347
683,609,2023,total,13.7,8375
683,343,2023,total,13.9,323
683,355,2023,total,12.9,660
683,88,2023,total,13.8,1810
683,161,2023,total,13.5,8623
683,132,2023,total,14.2,139
683,39,2023,total,11.1,612
683,590,2023,total,12.9,4167
683,331,2023,total,10.4,373
683,99,2023,total,15.1,551
683,273,2023,total,12.8,308
683,63,2023,total,13.3,876
683,213,2023,total,10.4,320
683,547,2023,total,14.5,3785
683,530,2023,total,14.0,3577
683,348,2023,total,13.3,307
683,528,2023,total,15.8,1535
683,727,2023,total,11.8,358765
683,82,2023,total,16.9,534
683,963,2023,total,13.1,13298
683,186,2023,total,13.9,1135
683,248,2023,total,12.2,2376
683,354,2023,total,9.8,364
683,292,2023,total,12.0,5739
683,903,2023,total,12.9,65536
683,306,2023,total,15.5,133
683,385,2023,total,16.9,295
683,611,2023,total,14.6,20536
683,491,2023,total,13.1,13298
683,107,2023,total,14.6,797
683,174,2023,total,15.0,218
683,845,2023,total,10.4,123405
683,584,2023,total,15.7,2399
683,553,2023,total,16.4,3671
683,572,2023,total,14.8,1760
683,505,2023,total,13.1,13430
683,373,2023,total,10.5,311
683,970,2023,total,12.5,35582
683,285,2023,total,16.5,413
683,255,2023,total,10.7,598
683,300,2023,total,16.5,302
683,559,2023,total,16.9,2322
683,957,2023,total,11.7,8962
683,21,2023,total,11.7,808
683,405,2023,total,15.1,283
683,589,2023,total,12.6,4405
683,101,2023,total,16.0,139
683,206,2023,total,13.9,676
683,167,2023,total,12.3,1171
683,70,2023,total,13.0,351
683,150,2023,total,14.0,207
683,94,2023,total,12.1,2386
683,604,2023,total,12.6,37090
683,45,2023,total,15.7,363
683,231,2023,total,12.3,555
683,840,2023,total,9.7,86168
683,417,2023,total,15.3,219
683,430,2023,total,14.9,264
683,535,2023,total,15.3,2590
683,616,2023,total,12.1,25510
683,336,2023,total,12.3,738
683,57,2023,total,12.4,766
683,113,2023,total,15.1,1436
683,839,2023,total,6.8,1191
683,312,2023,total,14.3,1982
683,496,2023,total,13.8,11641
683,523,2023,total,12.3,9418
683,297,2023,total,11.1,126
683,192,2023,total,5.8,65
